symbol,horizon,weighted_score,technical_score,fundamental_score,news_sentiment,data_quality,price_source,recommendation,reasons,news_headlines,trend,current_price,entry_zone,stop_loss,take_profit_1,take_profit_2,tp1_pct,tp2_pct,risk_reward,position_size,rebalance,rsi
GHNI,swing,92.2,100,74,0,LIVE,yfinance(GHNI.KA),STRONG BUY,ROE 45.6% (excellent) | D/E 0 (low leverage) | P/E 5.4 (deep value),,Bullish,PKR 880.74,PKR 871.93 - 889.55,PKR 834.55 (-5.2%),PKR 919.23 (+4.4%),PKR 944.89 (+7.3%),+4.4%,+7.3%,1 : 1.39,Allocate 2.0% of portfolio to this trade (risk 1% max = Entry-Stop x Shares),Weekly,63.9
POL,very_long_term,89.0,85,90,0,LIVE,yfinance(POL.KA),CORE HOLDING,ROE 34.2% (excellent) | D/E 49 (low leverage) | P/E 7.0 (deep value),"Geopolitical shock wipes over 19,000 points off KSE-100 in March The Pakistan Stock Exchange’s benchmark KSE-100 Index recorded its worst monthly perf",Bullish,PKR 667.52,PKR 614.12 - 640.82,PKR 534.02 (-20.0%),PKR 867.78 (+30.0%),"PKR 1,201.54 (+80.0%)",+30.0%,+80.0%,1 : 4.0,Allocate 8.0% of portfolio to this trade (risk 1% max = Entry-Stop x Shares),Annually,62.7
INDU,swing,88.2,90,84,0,LIVE,yfinance(INDU.KA),STRONG BUY,ROE 32.5% (excellent) | D/E 0 (low leverage) | P/E 6.2 (deep value),"Oil industry opposes windfall tax in upcoming budget | Rs200 billion import relief for industry | High interest rates stifling growth, warn industry leaders",Bullish,"PKR 2,041.99","PKR 2,021.57 - 2,062.41","PKR 1,948.71 (-4.6%)","PKR 2,119.72 (+3.8%)","PKR 2,171.54 (+6.3%)",+3.8%,+6.3%,1 : 1.39,Allocate 2.0% of portfolio to this trade (risk 1% max = Entry-Stop x Shares),Weekly,61.2
POL,long_term,88.0,85,90,0,LIVE,yfinance(POL.KA),CORE HOLDING,ROE 34.2% (excellent) | D/E 49 (low leverage) | P/E 7.0 (deep value),"Geopolitical shock wipes over 19,000 points off KSE-100 in March The Pakistan Stock Exchange’s benchmark KSE-100 Index recorded its worst monthly perf",Bullish,PKR 667.52,PKR 647.49 - 660.84,PKR 587.42 (-12.0%),PKR 801.02 (+20.0%),PKR 934.53 (+40.0%),+20.0%,+40.0%,1 : 3.33,Allocate 5.0% of portfolio to this trade (risk 1% max = Entry-Stop x Shares),Quarterly,62.7
HUBC,swing,87.6,90,82,0,LIVE,yfinance(HUBC.KA),STRONG BUY,ROE 20.3% (excellent) | D/E 40 (low leverage) | P/E 11.4 (value),"Top EU diplomat says Pakistan a major regional power, ‘important partner’ | Seven years on, Bajaur solar power  project still incomplete | 'No sufficient outcome' yet of talks to secure discounts from Chinese power producers: Leghari",Bullish,PKR 214.95,PKR 212.80 - 217.10,PKR 207.16 (-3.6%),PKR 221.44 (+3.0%),PKR 225.77 (+5.0%),+3.0%,+5.0%,1 : 1.39,Allocate 2.0% of portfolio to this trade (risk 1% max = Entry-Stop x Shares),Weekly,50.3
POL,swing,86.5,85,90,0,LIVE,yfinance(POL.KA),STRONG BUY,ROE 34.2% (excellent) | D/E 49 (low leverage) | P/E 7.0 (deep value),"Geopolitical shock wipes over 19,000 points off KSE-100 in March The Pakistan Stock Exchange’s benchmark KSE-100 Index recorded its worst monthly perf",Bullish,PKR 667.52,PKR 660.84 - 674.20,PKR 654.90 (-1.9%),PKR 678.03 (+1.6%),PKR 685.04 (+2.6%),+1.6%,+2.6%,1 : 1.39,Allocate 2.0% of portfolio to this trade (risk 1% max = Entry-Stop x Shares),Weekly,62.7
INDU,long_term,86.4,90,84,0,LIVE,yfinance(INDU.KA),CORE HOLDING,ROE 32.5% (excellent) | D/E 0 (low leverage) | P/E 6.2 (deep value),"Oil industry opposes windfall tax in upcoming budget | Rs200 billion import relief for industry | High interest rates stifling growth, warn industry leaders",Bullish,"PKR 2,041.99","PKR 1,980.73 - 2,021.57","PKR 1,796.95 (-12.0%)","PKR 2,450.39 (+20.0%)","PKR 2,858.79 (+40.0%)",+20.0%,+40.0%,1 : 3.33,Allocate 5.0% of portfolio to this trade (risk 1% max = Entry-Stop x Shares),Quarterly,61.2
HUBC,long_term,85.2,90,82,0,LIVE,yfinance(HUBC.KA),CORE HOLDING,ROE 20.3% (excellent) | D/E 40 (low leverage) | P/E 11.4 (value),"Top EU diplomat says Pakistan a major regional power, ‘important partner’ | Seven years on, Bajaur solar power  project still incomplete | 'No sufficient outcome' yet of talks to secure discounts from Chinese power producers: Leghari",Bullish,PKR 214.95,PKR 208.50 - 212.80,PKR 189.16 (-12.0%),PKR 257.94 (+20.0%),PKR 300.93 (+40.0%),+20.0%,+40.0%,1 : 3.33,Allocate 5.0% of portfolio to this trade (risk 1% max = Entry-Stop x Shares),Quarterly,50.3
INDU,very_long_term,85.2,90,84,0,LIVE,yfinance(INDU.KA),CORE HOLDING,ROE 32.5% (excellent) | D/E 0 (low leverage) | P/E 6.2 (deep value),"Oil industry opposes windfall tax in upcoming budget | Rs200 billion import relief for industry | High interest rates stifling growth, warn industry leaders",Bullish,"PKR 2,041.99","PKR 1,878.63 - 1,960.31","PKR 1,633.59 (-20.0%)","PKR 2,654.59 (+30.0%)","PKR 3,675.58 (+80.0%)",+30.0%,+80.0%,1 : 4.0,Allocate 8.0% of portfolio to this trade (risk 1% max = Entry-Stop x Shares),Annually,61.2
GHNI,long_term,84.4,100,74,0,LIVE,yfinance(GHNI.KA),CORE HOLDING,ROE 45.6% (excellent) | D/E 0 (low leverage) | P/E 5.4 (deep value),,Bullish,PKR 880.74,PKR 840.54 - 871.93,PKR 775.05 (-12.0%),"PKR 1,056.89 (+20.0%)","PKR 1,233.04 (+40.0%)",+20.0%,+40.0%,1 : 3.33,Allocate 5.0% of portfolio to this trade (risk 1% max = Entry-Stop x Shares),Quarterly,63.9
HUBC,very_long_term,83.6,90,82,0,LIVE,yfinance(HUBC.KA),CORE HOLDING,ROE 20.3% (excellent) | D/E 40 (low leverage) | P/E 11.4 (value),"Top EU diplomat says Pakistan a major regional power, ‘important partner’ | Seven years on, Bajaur solar power  project still incomplete | 'No sufficient outcome' yet of talks to secure discounts from Chinese power producers: Leghari",Bullish,PKR 214.95,PKR 197.75 - 206.35,PKR 171.96 (-20.0%),PKR 279.44 (+30.0%),PKR 386.91 (+80.0%),+30.0%,+80.0%,1 : 4.0,Allocate 8.0% of portfolio to this trade (risk 1% max = Entry-Stop x Shares),Annually,50.3
FFC,swing,83.5,90,75,-3,LIVE,yfinance(FFC.KA),STRONG BUY,ROE 34.1% (excellent) | D/E 32 (low leverage) | P/E 10.1 (value),"Oil industry opposes windfall tax in upcoming budget | Govt mulls scrapping export tax in budget | Solar panels, fertilizers may escape tax hike in upcoming budget The federal government is reportedly planning a series of tax relief measures in the ",Bullish,PKR 552.30,PKR 546.78 - 557.82,PKR 532.34 (-3.6%),PKR 568.93 (+3.0%),PKR 580.02 (+5.0%),+3.0%,+5.0%,1 : 1.39,Allocate 2.0% of portfolio to this trade (risk 1% max = Entry-Stop x Shares),Weekly,64.3
FCCL,swing,82.8,90,66,0,LIVE,yfinance(FCCL.KA),STRONG BUY,ROE 17.1% (good) | D/E 41 (low leverage) | P/E 9.8 (value),,Bullish,PKR 52.90,PKR 52.37 - 53.43,PKR 49.66 (-6.1%),PKR 55.60 (+5.1%),PKR 57.40 (+8.5%),+5.1%,+8.5%,1 : 1.39,Allocate 2.0% of portfolio to this trade (risk 1% max = Entry-Stop x Shares),Weekly,57.6
SAZEW,swing,81.7,85,74,0,LIVE,yfinance(SAZEW.KA),BUY,ROE 64.9% (excellent) | D/E 4 (low leverage) | P/E 7.2 (deep value),,Bullish,"PKR 2,177.47","PKR 2,155.70 - 2,199.24","PKR 2,066.97 (-5.1%)","PKR 2,269.55 (+4.2%)","PKR 2,330.94 (+7.0%)",+4.2%,+7.0%,1 : 1.39,Allocate 2.0% of portfolio to this trade (risk 1% max = Entry-Stop x Shares),Weekly,55.2
NBP,swing,81.7,90,59,1,LIVE,yfinance(NBP.KA),BUY,ROE 17.9% (good) | P/E 5.0 (deep value) | Div yield 18.5% (high income),"SBP adds SAR, AED to Naya Pakistan Certificates The State Bank of Pakistan has issued updated rates of return for Conventional Naya Pakistan Certifica | Pakistan targets 4% GDP growth in FY27 Pakistan has set a GDP growth target of 4% for fiscal year 2026-27, banking on a recovery across agriculture, i",Bullish,PKR 189.09,PKR 187.20 - 190.98,PKR 176.04 (-6.9%),PKR 199.97 (+5.8%),PKR 207.22 (+9.6%),+5.8%,+9.6%,1 : 1.39,Allocate 2.0% of portfolio to this trade (risk 1% max = Entry-Stop x Shares),Weekly,49.5
MEBL,swing,81.4,90,58,1,LIVE,yfinance(MEBL.KA),BUY,ROE 33.9% (excellent) | P/E 9.7 (value) | Div yield 5.8% (solid),"SBP adds SAR, AED to Naya Pakistan Certificates The State Bank of Pakistan has issued updated rates of return for Conventional Naya Pakistan Certifica | Pakistan targets 4% GDP growth in FY27 Pakistan has set a GDP growth target of 4% for fiscal year 2026-27, banking on a recovery across agriculture, i",Bullish,PKR 485.77,PKR 480.91 - 490.63,PKR 467.61 (-3.7%),PKR 500.90 (+3.1%),PKR 511.00 (+5.2%),+3.1%,+5.2%,1 : 1.39,Allocate 2.0% of portfolio to this trade (risk 1% max = Entry-Stop x Shares),Weekly,52.6
JDWS,swing,80.8,85,71,0,LIVE,yfinance(JDWS.KA),BUY,ROE 28.3% (excellent) | D/E 46 (low leverage) | P/E 6.7 (deep value),,Bullish,PKR 921.08,PKR 911.87 - 930.29,PKR 856.26 (-7.0%),PKR 975.10 (+5.9%),"PKR 1,011.11 (+9.8%)",+5.9%,+9.8%,1 : 1.39,Allocate 2.0% of portfolio to this trade (risk 1% max = Entry-Stop x Shares),Weekly,66.4
UBL,swing,80.7,90,59,0,LIVE,yfinance(UBL.KA),BUY,ROE 36.8% (excellent) | P/E 7.2 (deep value) | Div yield 7.3% (solid),"PSX rebounds in April after brutal slide After enduring back-to-back double-digit monthly losses, the sharpest in years, Pakistan's equity market stag | SBP adds SAR, AED to Naya Pakistan Certificates The State Bank of Pakistan has issued updated rates of return for Conventional Naya Pakistan Certifica | Pakistan targets 4% GDP growth in FY27 Pakistan has set a GDP growth target of 4% for fiscal year 2026-27, banking on a recovery across agriculture, i",Bullish,PKR 404.77,PKR 400.72 - 408.82,PKR 383.13 (-5.3%),PKR 422.80 (+4.5%),PKR 434.82 (+7.4%),+4.5%,+7.4%,1 : 1.39,Allocate 2.0% of portfolio to this trade (risk 1% max = Entry-Stop x Shares),Weekly,54.0
PKGS,swing,80.5,100,35,0,LIVE,yfinance(PKGS.KA),BUY,ROE -1.2% (weak) | D/E 92 (moderate) | P/E 26.2 (expensive),,Bullish,PKR 754.73,PKR 747.18 - 762.28,PKR 712.12 (-5.6%),PKR 790.24 (+4.7%),PKR 813.90 (+7.8%),+4.7%,+7.8%,1 : 1.39,Allocate 2.0% of portfolio to this trade (risk 1% max = Entry-Stop x Shares),Weekly,57.6
FABL,swing,79.5,90,55,0,LIVE,yfinance(FABL.KA),BUY,ROE 20.6% (excellent) | P/E 6.3 (deep value) | Div yield 7.2% (solid),,Bullish,PKR 89.79,PKR 88.89 - 90.69,PKR 86.42 (-3.8%),PKR 92.60 (+3.1%),PKR 94.47 (+5.2%),+3.1%,+5.2%,1 : 1.39,Allocate 2.0% of portfolio to this trade (risk 1% max = Entry-Stop x Shares),Weekly,56.0
GHNI,very_long_term,79.2,100,74,0,LIVE,yfinance(GHNI.KA),ACCUMULATE,ROE 45.6% (excellent) | D/E 0 (low leverage) | P/E 5.4 (deep value),,Bullish,PKR 880.74,PKR 779.96 - 845.51,PKR 704.59 (-20.0%),"PKR 1,144.96 (+30.0%)","PKR 1,585.33 (+80.0%)",+30.0%,+80.0%,1 : 4.0,Allocate 8.0% of portfolio to this trade (risk 1% max = Entry-Stop x Shares),Annually,63.9
FFC,long_term,79.0,90,75,-3,LIVE,yfinance(FFC.KA),ACCUMULATE,ROE 34.1% (excellent) | D/E 32 (low leverage) | P/E 10.1 (value),"Oil industry opposes windfall tax in upcoming budget | Govt mulls scrapping export tax in budget | Solar panels, fertilizers may escape tax hike in upcoming budget The federal government is reportedly planning a series of tax relief measures in the ",Bullish,PKR 552.30,PKR 527.56 - 546.78,PKR 486.02 (-12.0%),PKR 662.76 (+20.0%),PKR 773.22 (+40.0%),+20.0%,+40.0%,1 : 3.33,Allocate 5.0% of portfolio to this trade (risk 1% max = Entry-Stop x Shares),Quarterly,64.3
HBL,swing,79.0,90,50,1,LIVE,yfinance(HBL.KA),BUY,ROE 15.1% (good) | P/E 6.7 (deep value) | Div yield 7.0% (solid),"SBP adds SAR, AED to Naya Pakistan Certificates The State Bank of Pakistan has issued updated rates of return for Conventional Naya Pakistan Certifica | Pakistan targets 4% GDP growth in FY27 Pakistan has set a GDP growth target of 4% for fiscal year 2026-27, banking on a recovery across agriculture, i",Bullish,PKR 287.68,PKR 284.80 - 290.56,PKR 274.04 (-4.7%),PKR 299.05 (+4.0%),PKR 306.63 (+6.6%),+4.0%,+6.6%,1 : 1.39,Allocate 2.0% of portfolio to this trade (risk 1% max = Entry-Stop x Shares),Weekly,52.6
SAZEW,long_term,78.4,85,74,0,LIVE,yfinance(SAZEW.KA),ACCUMULATE,ROE 64.9% (excellent) | D/E 4 (low leverage) | P/E 7.2 (deep value),,Bullish,"PKR 2,177.47","PKR 2,112.15 - 2,155.70","PKR 1,916.17 (-12.0%)","PKR 2,612.96 (+20.0%)","PKR 3,048.46 (+40.0%)",+20.0%,+40.0%,1 : 3.33,Allocate 5.0% of portfolio to this trade (risk 1% max = Entry-Stop x Shares),Quarterly,55.2
TGL,swing,78.1,85,62,0,LIVE,yfinance(TGL.KA),BUY,ROE 18.2% (good) | D/E 4 (low leverage) | P/E 7.2 (deep value),,Bearish,PKR 177.26,PKR 175.49 - 179.03,PKR 164.82 (-7.0%),PKR 187.62 (+5.8%),PKR 194.53 (+9.7%),+5.8%,+9.7%,1 : 1.39,Allocate 2.0% of portfolio to this trade (risk 1% max = Entry-Stop x Shares),Weekly,63.3
THALL,swing,78.1,85,62,0,LIVE,yfinance(THALL.KA),BUY,ROE 17.2% (good) | D/E 6 (low leverage) | P/E 5.5 (deep value),,Bullish,PKR 622.05,PKR 615.83 - 628.27,PKR 575.75 (-7.4%),PKR 660.63 (+6.2%),PKR 686.35 (+10.3%),+6.2%,+10.3%,1 : 1.39,Allocate 2.0% of portfolio to this trade (risk 1% max = Entry-Stop x Shares),Weekly,50.9
POWER,swing,78.0,90,50,0,LIVE,yfinance(POWER.KA),BUY,ROE 12.7% (fair) | D/E 35 (low leverage) | P/E 9.0 (value),"Top EU diplomat says Pakistan a major regional power, ‘important partner’ | Seven years on, Bajaur solar power  project still incomplete | 'No sufficient outcome' yet of talks to secure discounts from Chinese power producers: Leghari",Bullish,PKR 20.46,PKR 20.26 - 20.66,PKR 19.09 (-6.7%),PKR 21.60 (+5.6%),PKR 22.36 (+9.3%),+5.6%,+9.3%,1 : 1.39,Allocate 2.0% of portfolio to this trade (risk 1% max = Entry-Stop x Shares),Weekly,57.2
LOTCHEM,swing,77.7,90,49,0,LIVE,yfinance(LOTCHEM.KA),BUY,ROE 9.5% (weak) | D/E 23 (low leverage) | P/E 22.4 (slightly rich),,Bullish,PKR 28.41,PKR 28.13 - 28.69,PKR 26.61 (-6.3%),PKR 29.91 (+5.3%),PKR 30.91 (+8.8%),+5.3%,+8.8%,1 : 1.39,Allocate 2.0% of portfolio to this trade (risk 1% max = Entry-Stop x Shares),Weekly,60.3
JDWS,long_term,76.6,85,71,0,LIVE,yfinance(JDWS.KA),ACCUMULATE,ROE 28.3% (excellent) | D/E 46 (low leverage) | P/E 6.7 (deep value),,Bullish,PKR 921.08,PKR 893.45 - 911.87,PKR 810.55 (-12.0%),"PKR 1,105.30 (+20.0%)","PKR 1,289.51 (+40.0%)",+20.0%,+40.0%,1 : 3.33,Allocate 5.0% of portfolio to this trade (risk 1% max = Entry-Stop x Shares),Quarterly,66.4
SAZEW,very_long_term,76.2,85,74,0,LIVE,yfinance(SAZEW.KA),ACCUMULATE,ROE 64.9% (excellent) | D/E 4 (low leverage) | P/E 7.2 (deep value),,Bullish,"PKR 2,177.47","PKR 1,998.57 - 2,090.37","PKR 1,741.98 (-20.0%)","PKR 2,830.71 (+30.0%)","PKR 3,919.45 (+80.0%)",+30.0%,+80.0%,1 : 4.0,Allocate 8.0% of portfolio to this trade (risk 1% max = Entry-Stop x Shares),Annually,55.2
FFC,very_long_term,76.0,90,75,-3,LIVE,yfinance(FFC.KA),ACCUMULATE,ROE 34.1% (excellent) | D/E 32 (low leverage) | P/E 10.1 (value),"Oil industry opposes windfall tax in upcoming budget | Govt mulls scrapping export tax in budget | Solar panels, fertilizers may escape tax hike in upcoming budget The federal government is reportedly planning a series of tax relief measures in the ",Bullish,PKR 552.30,PKR 508.12 - 530.21,PKR 441.84 (-20.0%),PKR 717.99 (+30.0%),PKR 994.14 (+80.0%),+30.0%,+80.0%,1 : 4.0,Allocate 8.0% of portfolio to this trade (risk 1% max = Entry-Stop x Shares),Annually,64.3
TRG,swing,76.0,85,55,0,LIVE,yfinance(TRG.KA),BUY,ROE -13.7% (weak) | D/E 21 (low leverage) | P/E 1.0 (deep value),"Supernet plans right issue of up to Rs914.8m The Board of Directors of Supernet Technologies Limited (PSX: STL) has approved, in principle, the compan | TRG confirms Chishti-linked share transfer TRG Pakistan Limited (TRGP) has formally confirmed that the massive block of shares recently acquired by JS | ITANZ secures strategic tech MoUs during PM's China visit iTANZ Technologies Limited (PSX:ITANZ)  signed Memorandums of Understanding (MoUs) with thre",Bullish,PKR 74.06,PKR 73.32 - 74.80,PKR 67.80 (-8.5%),PKR 79.28 (+7.0%),PKR 82.76 (+11.7%),+7.0%,+11.7%,1 : 1.39,Allocate 2.0% of portfolio to this trade (risk 1% max = Entry-Stop x Shares),Weekly,74.1
ATLH,very_long_term,75.8,75,76,0,LIVE,yfinance(ATLH.KA),ACCUMULATE,ROE 51.0% (excellent) | D/E 6 (low leverage) | P/E 10.5 (value),,Bullish,"PKR 1,794.76","PKR 1,651.18 - 1,722.97","PKR 1,435.81 (-20.0%)","PKR 2,333.19 (+30.0%)","PKR 3,230.57 (+80.0%)",+30.0%,+80.0%,1 : 4.0,Allocate 8.0% of portfolio to this trade (risk 1% max = Entry-Stop x Shares),Annually,67.3
ATLH,long_term,75.6,75,76,0,LIVE,yfinance(ATLH.KA),ACCUMULATE,ROE 51.0% (excellent) | D/E 6 (low leverage) | P/E 10.5 (value),,Bullish,"PKR 1,794.76","PKR 1,740.92 - 1,776.81","PKR 1,579.39 (-12.0%)","PKR 2,153.71 (+20.0%)","PKR 2,512.66 (+40.0%)",+20.0%,+40.0%,1 : 3.33,Allocate 5.0% of portfolio to this trade (risk 1% max = Entry-Stop x Shares),Quarterly,67.3
FCCL,long_term,75.6,90,66,0,LIVE,yfinance(FCCL.KA),ACCUMULATE,ROE 17.1% (good) | D/E 41 (low leverage) | P/E 9.8 (value),,Bullish,PKR 52.90,PKR 50.75 - 52.37,PKR 46.55 (-12.0%),PKR 63.48 (+20.0%),PKR 74.06 (+40.0%),+20.0%,+40.0%,1 : 3.33,Allocate 5.0% of portfolio to this trade (risk 1% max = Entry-Stop x Shares),Quarterly,57.6
ATLH,swing,75.3,75,76,0,LIVE,yfinance(ATLH.KA),BUY,ROE 51.0% (excellent) | D/E 6 (low leverage) | P/E 10.5 (value),,Bullish,"PKR 1,794.76","PKR 1,776.81 - 1,812.71","PKR 1,747.17 (-2.7%)","PKR 1,834.42 (+2.2%)","PKR 1,860.86 (+3.7%)",+2.2%,+3.7%,1 : 1.39,Allocate 2.0% of portfolio to this trade (risk 1% max = Entry-Stop x Shares),Weekly,67.3
AIRLINK,swing,75.2,80,64,0,LIVE,yfinance(AIRLINK.KA),BUY,ROE 32.9% (excellent) | D/E 4 (low leverage) | P/E 16.2 (fair),"Supernet plans right issue of up to Rs914.8m The Board of Directors of Supernet Technologies Limited (PSX: STL) has approved, in principle, the compan | ITANZ secures strategic tech MoUs during PM's China visit iTANZ Technologies Limited (PSX:ITANZ)  signed Memorandums of Understanding (MoUs) with thre",Bearish,PKR 154.88,PKR 153.33 - 156.43,PKR 146.51 (-5.4%),PKR 161.85 (+4.5%),PKR 166.50 (+7.5%),+4.5%,+7.5%,1 : 1.39,Allocate 2.0% of portfolio to this trade (risk 1% max = Entry-Stop x Shares),Weekly,62.9
HCAR,swing,75.1,85,52,0,LIVE,yfinance(HCAR.KA),BUY,ROE 13.2% (fair) | D/E 9 (low leverage) | P/E 11.7 (value),,Bullish,PKR 265.21,PKR 262.56 - 267.86,PKR 243.72 (-8.1%),PKR 283.12 (+6.8%),PKR 295.06 (+11.3%),+6.8%,+11.3%,1 : 1.39,Allocate 2.0% of portfolio to this trade (risk 1% max = Entry-Stop x Shares),Weekly,74.4
ABL,swing,74.9,85,48,1,LIVE,yfinance(ABL.KA),BUY,ROE 14.7% (fair) | P/E 5.9 (deep value) | Div yield 8.9% (high income),"Meta plans AI pendant, 'wearables for work' in hardware boost: report | SBP adds SAR, AED to Naya Pakistan Certificates The State Bank of Pakistan has issued updated rates of return for Conventional Naya Pakistan Certifica | Pakistan targets 4% GDP growth in FY27 Pakistan has set a GDP growth target of 4% for fiscal year 2026-27, banking on a recovery across agriculture, i",Bullish,PKR 180.11,PKR 178.31 - 181.91,PKR 174.48 (-3.1%),PKR 184.81 (+2.6%),PKR 187.94 (+4.3%),+2.6%,+4.3%,1 : 1.39,Allocate 2.0% of portfolio to this trade (risk 1% max = Entry-Stop x Shares),Weekly,53.1
HINOON,very_long_term,74.0,70,75,0,LIVE,yfinance(HINOON.KA),ACCUMULATE,ROE 29.1% (excellent) | D/E 7 (low leverage) | P/E 12.3 (fair),,BEARISH,PKR 965.50,WAIT -- price below SMA-200,N/A,N/A,N/A,N/A,N/A,N/A,0% -- avoid,N/A,
JDWS,very_long_term,73.8,85,71,0,LIVE,yfinance(JDWS.KA),ACCUMULATE,ROE 28.3% (excellent) | D/E 46 (low leverage) | P/E 6.7 (deep value),,Bullish,PKR 921.08,PKR 847.39 - 884.24,PKR 736.86 (-20.0%),"PKR 1,197.40 (+30.0%)","PKR 1,657.94 (+80.0%)",+30.0%,+80.0%,1 : 4.0,Allocate 8.0% of portfolio to this trade (risk 1% max = Entry-Stop x Shares),Annually,66.4
PABC,swing,73.8,75,71,0,LIVE,yfinance(PABC.KA),BUY,ROE 25.8% (excellent) | D/E 10 (low leverage) | P/E 7.3 (deep value),,Bearish,PKR 107.28,PKR 106.21 - 108.35,PKR 98.71 (-8.0%),PKR 114.42 (+6.7%),PKR 119.18 (+11.1%),+6.7%,+11.1%,1 : 1.39,Allocate 2.0% of portfolio to this trade (risk 1% max = Entry-Stop x Shares),Weekly,53.5
AKBL,swing,73.6,85,47,0,LIVE,yfinance(AKBL.KA),BUY,ROE 17.0% (good) | P/E 6.5 (deep value) | Div yield 5.0% (solid),,Bullish,PKR 99.77,PKR 98.77 - 100.77,PKR 94.21 (-5.6%),PKR 104.41 (+4.7%),PKR 107.49 (+7.7%),+4.7%,+7.7%,1 : 1.39,Allocate 2.0% of portfolio to this trade (risk 1% max = Entry-Stop x Shares),Weekly,65.5
MUREB,swing,73.5,75,70,0,LIVE,yfinance(MUREB.KA),BUY,ROE 19.5% (good) | D/E 6 (low leverage) | P/E 7.4 (deep value),,Bearish,PKR 933.00,PKR 923.67 - 942.33,PKR 878.82 (-5.8%),PKR 978.15 (+4.8%),"PKR 1,008.25 (+8.1%)",+4.8%,+8.1%,1 : 1.39,Allocate 2.0% of portfolio to this trade (risk 1% max = Entry-Stop x Shares),Weekly,55.4
MARI,very_long_term,73.2,70,74,0,LIVE,yfinance(MARI.KA),ACCUMULATE,ROE 25.4% (excellent) | D/E 36 (low leverage) | P/E 11.7 (value),,BEARISH,PKR 658.11,WAIT -- price below SMA-200,N/A,N/A,N/A,N/A,N/A,N/A,0% -- avoid,N/A,
SYS,very_long_term,73.2,70,74,0,LIVE,yfinance(SYS.KA),ACCUMULATE,ROE 22.4% (excellent) | D/E 1 (low leverage) | P/E 1.0 (deep value),"Supernet plans right issue of up to Rs914.8m The Board of Directors of Supernet Technologies Limited (PSX: STL) has approved, in principle, the compan | ITANZ secures strategic tech MoUs during PM's China visit iTANZ Technologies Limited (PSX:ITANZ)  signed Memorandums of Understanding (MoUs) with thre",Bullish,PKR 147.73,PKR 135.91 - 141.82,PKR 118.18 (-20.0%),PKR 192.05 (+30.0%),PKR 265.91 (+80.0%),+30.0%,+80.0%,1 : 4.0,Allocate 8.0% of portfolio to this trade (risk 1% max = Entry-Stop x Shares),Annually,46.2
GLAXO,very_long_term,73.0,65,75,0,LIVE,yfinance(GLAXO.KA),ACCUMULATE,ROE 31.5% (excellent) | D/E 5 (low leverage) | P/E 10.5 (value),,BEARISH,PKR 346.29,WAIT -- price below SMA-200,N/A,N/A,N/A,N/A,N/A,N/A,0% -- avoid,N/A,
HINOON,long_term,73.0,70,75,0,LIVE,yfinance(HINOON.KA),ACCUMULATE,ROE 29.1% (excellent) | D/E 7 (low leverage) | P/E 12.3 (fair),,BEARISH,PKR 965.50,WAIT -- price below SMA-200,N/A,N/A,N/A,N/A,N/A,N/A,0% -- avoid,N/A,
PAKT,very_long_term,73.0,45,80,0,LIVE,yfinance(PAKT.KA),ACCUMULATE,ROE 66.3% (excellent) | D/E 11 (low leverage) | P/E 10.4 (value),,BEARISH,"PKR 1,342.74",WAIT -- price below SMA-200,N/A,N/A,N/A,N/A,N/A,N/A,0% -- avoid,N/A,
AHCL,very_long_term,73.0,65,75,0,LIVE,yfinance(AHCL.KA),ACCUMULATE,ROE 23.6% (excellent) | D/E 12 (low leverage) | P/E 1.0 (deep value),,BEARISH,PKR 14.37,WAIT -- price below SMA-200,N/A,N/A,N/A,N/A,N/A,N/A,0% -- avoid,N/A,
COLG,swing,72.9,75,68,0,LIVE,yfinance(COLG.KA),BUY,ROE 51.3% (excellent) | D/E 5 (low leverage) | P/E 15.7 (fair),,Bearish,"PKR 1,148.37","PKR 1,136.89 - 1,159.85","PKR 1,096.91 (-4.5%)","PKR 1,191.25 (+3.7%)","PKR 1,219.84 (+6.2%)",+3.7%,+6.2%,1 : 1.39,Allocate 2.0% of portfolio to this trade (risk 1% max = Entry-Stop x Shares),Weekly,64.7
PABC,long_term,72.6,75,71,0,LIVE,yfinance(PABC.KA),ACCUMULATE,ROE 25.8% (excellent) | D/E 10 (low leverage) | P/E 7.3 (deep value),,BEARISH,PKR 107.28,WAIT -- price below SMA-200,N/A,N/A,N/A,N/A,N/A,N/A,0% -- avoid,N/A,
SCBPL,swing,72.6,75,67,0,LIVE,yfinance(SCBPL.KA),BUY,ROE 25.4% (excellent) | P/E 10.3 (value) | Div yield 10.1% (high income),,Bearish,PKR 64.40,PKR 63.76 - 65.04,PKR 60.03 (-6.8%),PKR 68.05 (+5.7%),PKR 70.48 (+9.4%),+5.7%,+9.4%,1 : 1.39,Allocate 2.0% of portfolio to this trade (risk 1% max = Entry-Stop x Shares),Weekly,63.1
HMB,swing,72.5,80,55,0,LIVE,yfinance(HMB.KA),BUY,ROE 18.1% (good) | P/E 5.7 (deep value) | Div yield 10.3% (high income),,Bullish,PKR 117.00,PKR 115.83 - 118.17,PKR 112.66 (-3.7%),PKR 120.61 (+3.1%),PKR 123.03 (+5.2%),+3.1%,+5.2%,1 : 1.39,Allocate 2.0% of portfolio to this trade (risk 1% max = Entry-Stop x Shares),Weekly,56.3
SYS,long_term,72.4,70,74,0,LIVE,yfinance(SYS.KA),ACCUMULATE,ROE 22.4% (excellent) | D/E 1 (low leverage) | P/E 1.0 (deep value),"Supernet plans right issue of up to Rs914.8m The Board of Directors of Supernet Technologies Limited (PSX: STL) has approved, in principle, the compan | ITANZ secures strategic tech MoUs during PM's China visit iTANZ Technologies Limited (PSX:ITANZ)  signed Memorandums of Understanding (MoUs) with thre",Bullish,PKR 147.73,PKR 143.30 - 146.25,PKR 130.00 (-12.0%),PKR 177.28 (+20.0%),PKR 206.82 (+40.0%),+20.0%,+40.0%,1 : 3.33,Allocate 5.0% of portfolio to this trade (risk 1% max = Entry-Stop x Shares),Quarterly,46.2
MARI,long_term,72.4,70,74,0,LIVE,yfinance(MARI.KA),ACCUMULATE,ROE 25.4% (excellent) | D/E 36 (low leverage) | P/E 11.7 (value),,BEARISH,PKR 658.11,WAIT -- price below SMA-200,N/A,N/A,N/A,N/A,N/A,N/A,0% -- avoid,N/A,
NBP,long_term,72.4,90,59,1,LIVE,yfinance(NBP.KA),ACCUMULATE,ROE 17.9% (good) | P/E 5.0 (deep value) | Div yield 18.5% (high income),"SBP adds SAR, AED to Naya Pakistan Certificates The State Bank of Pakistan has issued updated rates of return for Conventional Naya Pakistan Certifica | Pakistan targets 4% GDP growth in FY27 Pakistan has set a GDP growth target of 4% for fiscal year 2026-27, banking on a recovery across agriculture, i",Bullish,PKR 189.09,PKR 183.42 - 187.20,PKR 166.40 (-12.0%),PKR 226.91 (+20.0%),PKR 264.73 (+40.0%),+20.0%,+40.0%,1 : 3.33,Allocate 5.0% of portfolio to this trade (risk 1% max = Entry-Stop x Shares),Quarterly,49.5
MUREB,long_term,72.0,75,70,0,LIVE,yfinance(MUREB.KA),ACCUMULATE,ROE 19.5% (good) | D/E 6 (low leverage) | P/E 7.4 (deep value),,BEARISH,PKR 933.00,WAIT -- price below SMA-200,N/A,N/A,N/A,N/A,N/A,N/A,0% -- avoid,N/A,
FATIMA,swing,71.8,75,71,-3,LIVE,yfinance(FATIMA.KA),BUY,ROE 22.7% (excellent) | D/E 15 (low leverage) | P/E 10.8 (value),"Oil industry opposes windfall tax in upcoming budget | Govt mulls scrapping export tax in budget | Solar panels, fertilizers may escape tax hike in upcoming budget The federal government is reportedly planning a series of tax relief measures in the ",Bearish,PKR 139.66,PKR 138.26 - 141.06,PKR 132.82 (-4.9%),PKR 145.36 (+4.1%),PKR 149.16 (+6.8%),+4.1%,+6.8%,1 : 1.39,Allocate 2.0% of portfolio to this trade (risk 1% max = Entry-Stop x Shares),Weekly,55.2
MEBL,long_term,71.8,90,58,1,LIVE,yfinance(MEBL.KA),ACCUMULATE,ROE 33.9% (excellent) | P/E 9.7 (value) | Div yield 5.8% (solid),"SBP adds SAR, AED to Naya Pakistan Certificates The State Bank of Pakistan has issued updated rates of return for Conventional Naya Pakistan Certifica | Pakistan targets 4% GDP growth in FY27 Pakistan has set a GDP growth target of 4% for fiscal year 2026-27, banking on a recovery across agriculture, i",Bullish,PKR 485.77,PKR 471.20 - 480.91,PKR 427.48 (-12.0%),PKR 582.92 (+20.0%),PKR 680.08 (+40.0%),+20.0%,+40.0%,1 : 3.33,Allocate 5.0% of portfolio to this trade (risk 1% max = Entry-Stop x Shares),Quarterly,52.6
PABC,very_long_term,71.8,75,71,0,LIVE,yfinance(PABC.KA),ACCUMULATE,ROE 25.8% (excellent) | D/E 10 (low leverage) | P/E 7.3 (deep value),,BEARISH,PKR 107.28,WAIT -- price below SMA-200,N/A,N/A,N/A,N/A,N/A,N/A,0% -- avoid,N/A,
CHCC,very_long_term,71.6,50,77,0,LIVE,yfinance(CHCC.KA),ACCUMULATE,ROE 21.4% (excellent) | D/E 22 (low leverage) | P/E 7.3 (deep value),,BEARISH,PKR 275.24,WAIT -- price below SMA-200,N/A,N/A,N/A,N/A,N/A,N/A,0% -- avoid,N/A,
HINOON,swing,71.5,70,75,0,LIVE,yfinance(HINOON.KA),BUY,ROE 29.1% (excellent) | D/E 7 (low leverage) | P/E 12.3 (fair),,Bearish,PKR 965.50,PKR 955.85 - 975.15,PKR 927.47 (-3.9%),PKR 997.20 (+3.3%),"PKR 1,018.33 (+5.5%)",+3.3%,+5.5%,1 : 1.39,Allocate 2.0% of portfolio to this trade (risk 1% max = Entry-Stop x Shares),Weekly,57.2
INIL,swing,71.5,85,40,0,LIVE,yfinance(INIL.KA),BUY,ROE 6.1% (weak) | D/E 7 (low leverage) | P/E 14.5 (fair),,Bearish,PKR 161.61,PKR 159.99 - 163.23,PKR 153.51 (-5.0%),PKR 168.36 (+4.2%),PKR 172.86 (+7.0%),+4.2%,+7.0%,1 : 1.39,Allocate 2.0% of portfolio to this trade (risk 1% max = Entry-Stop x Shares),Weekly,53.7
UBL,long_term,71.4,90,59,0,LIVE,yfinance(UBL.KA),ACCUMULATE,ROE 36.8% (excellent) | P/E 7.2 (deep value) | Div yield 7.3% (solid),"PSX rebounds in April after brutal slide After enduring back-to-back double-digit monthly losses, the sharpest in years, Pakistan's equity market stag | SBP adds SAR, AED to Naya Pakistan Certificates The State Bank of Pakistan has issued updated rates of return for Conventional Naya Pakistan Certifica | Pakistan targets 4% GDP growth in FY27 Pakistan has set a GDP growth target of 4% for fiscal year 2026-27, banking on a recovery across agriculture, i",Bullish,PKR 404.77,PKR 392.63 - 400.72,PKR 356.20 (-12.0%),PKR 485.72 (+20.0%),PKR 566.68 (+40.0%),+20.0%,+40.0%,1 : 3.33,Allocate 5.0% of portfolio to this trade (risk 1% max = Entry-Stop x Shares),Quarterly,54.0
FHAM,swing,71.4,75,63,0,LIVE,yfinance(FHAM.KA),BUY,ROE 14.3% (fair) | D/E 0 (low leverage) | P/E 4.2 (deep value),,Bearish,PKR 31.73,PKR 31.41 - 32.05,PKR 30.09 (-5.2%),PKR 33.09 (+4.3%),PKR 34.01 (+7.2%),+4.3%,+7.2%,1 : 1.39,Allocate 2.0% of portfolio to this trade (risk 1% max = Entry-Stop x Shares),Weekly,56.2
TGL,long_term,71.2,85,62,0,LIVE,yfinance(TGL.KA),ACCUMULATE,ROE 18.2% (good) | D/E 4 (low leverage) | P/E 7.2 (deep value),,BEARISH,PKR 177.26,WAIT -- price below SMA-200,N/A,N/A,N/A,N/A,N/A,N/A,0% -- avoid,N/A,
BAHL,swing,71.2,75,59,1,LIVE,yfinance(BAHL.KA),BUY,ROE 18.2% (good) | P/E 7.2 (deep value) | Div yield 8.6% (high income),"SBP adds SAR, AED to Naya Pakistan Certificates The State Bank of Pakistan has issued updated rates of return for Conventional Naya Pakistan Certifica | Pakistan targets 4% GDP growth in FY27 Pakistan has set a GDP growth target of 4% for fiscal year 2026-27, banking on a recovery across agriculture, i",Bearish,PKR 174.00,PKR 172.26 - 175.74,PKR 164.01 (-5.7%),PKR 182.32 (+4.8%),PKR 187.88 (+8.0%),+4.8%,+8.0%,1 : 1.39,Allocate 2.0% of portfolio to this trade (risk 1% max = Entry-Stop x Shares),Weekly,57.1
THALL,long_term,71.2,85,62,0,LIVE,yfinance(THALL.KA),ACCUMULATE,ROE 17.2% (good) | D/E 6 (low leverage) | P/E 5.5 (deep value),,Bullish,PKR 622.05,PKR 603.39 - 615.83,PKR 547.40 (-12.0%),PKR 746.46 (+20.0%),PKR 870.87 (+40.0%),+20.0%,+40.0%,1 : 3.33,Allocate 5.0% of portfolio to this trade (risk 1% max = Entry-Stop x Shares),Quarterly,50.9
SYS,swing,71.2,70,74,0,LIVE,yfinance(SYS.KA),BUY,ROE 22.4% (excellent) | D/E 1 (low leverage) | P/E 1.0 (deep value),"Supernet plans right issue of up to Rs914.8m The Board of Directors of Supernet Technologies Limited (PSX: STL) has approved, in principle, the compan | ITANZ secures strategic tech MoUs during PM's China visit iTANZ Technologies Limited (PSX:ITANZ)  signed Memorandums of Understanding (MoUs) with thre",Bullish,PKR 147.73,PKR 146.25 - 149.21,PKR 141.77 (-4.0%),PKR 152.69 (+3.4%),PKR 156.00 (+5.6%),+3.4%,+5.6%,1 : 1.39,Allocate 2.0% of portfolio to this trade (risk 1% max = Entry-Stop x Shares),Weekly,46.2
MARI,swing,71.2,70,74,0,LIVE,yfinance(MARI.KA),BUY,ROE 25.4% (excellent) | D/E 36 (low leverage) | P/E 11.7 (value),,Bearish,PKR 658.11,PKR 651.53 - 664.69,PKR 635.63 (-3.4%),PKR 676.85 (+2.8%),PKR 689.34 (+4.7%),+2.8%,+4.7%,1 : 1.39,Allocate 2.0% of portfolio to this trade (risk 1% max = Entry-Stop x Shares),Weekly,54.4
DGKC,swing,71.1,75,62,0,LIVE,yfinance(DGKC.KA),BUY,ROE 12.1% (fair) | D/E 18 (low leverage) | P/E 7.4 (deep value),,Bearish,PKR 193.88,PKR 191.94 - 195.82,PKR 181.87 (-6.2%),PKR 203.88 (+5.2%),PKR 210.56 (+8.6%),+5.2%,+8.6%,1 : 1.39,Allocate 2.0% of portfolio to this trade (risk 1% max = Entry-Stop x Shares),Weekly,57.4
GAL,swing,71.0,N/A,71,0,LIVE,dps.psx.com.pk-spot,BUY [FUND-ONLY],ROE 41.5% (excellent) | D/E 6 (low leverage) | P/E 6.4 (deep value),,,,,,,,,,,,,
GLAXO,long_term,71.0,65,75,0,LIVE,yfinance(GLAXO.KA),ACCUMULATE,ROE 31.5% (excellent) | D/E 5 (low leverage) | P/E 10.5 (value),,BEARISH,PKR 346.29,WAIT -- price below SMA-200,N/A,N/A,N/A,N/A,N/A,N/A,0% -- avoid,N/A,
GAL,long_term,71.0,N/A,71,0,LIVE,dps.psx.com.pk-spot,ACCUMULATE [FUND-ONLY],ROE 41.5% (excellent) | D/E 6 (low leverage) | P/E 6.4 (deep value),,,,,,,,,,,,,
AHCL,long_term,71.0,65,75,0,LIVE,yfinance(AHCL.KA),ACCUMULATE,ROE 23.6% (excellent) | D/E 12 (low leverage) | P/E 1.0 (deep value),,BEARISH,PKR 14.37,WAIT -- price below SMA-200,N/A,N/A,N/A,N/A,N/A,N/A,0% -- avoid,N/A,
MUREB,very_long_term,71.0,75,70,0,LIVE,yfinance(MUREB.KA),ACCUMULATE,ROE 19.5% (good) | D/E 6 (low leverage) | P/E 7.4 (deep value),,BEARISH,PKR 933.00,WAIT -- price below SMA-200,N/A,N/A,N/A,N/A,N/A,N/A,0% -- avoid,N/A,
GAL,very_long_term,71.0,N/A,71,0,LIVE,dps.psx.com.pk-spot,ACCUMULATE [FUND-ONLY],ROE 41.5% (excellent) | D/E 6 (low leverage) | P/E 6.4 (deep value),,,,,,,,,,,,,
COLG,long_term,70.8,75,68,0,LIVE,yfinance(COLG.KA),ACCUMULATE,ROE 51.3% (excellent) | D/E 5 (low leverage) | P/E 15.7 (fair),,BEARISH,"PKR 1,148.37",WAIT -- price below SMA-200,N/A,N/A,N/A,N/A,N/A,N/A,0% -- avoid,N/A,
FCCL,very_long_term,70.8,90,66,0,LIVE,yfinance(FCCL.KA),ACCUMULATE,ROE 17.1% (good) | D/E 41 (low leverage) | P/E 9.8 (value),,Bullish,PKR 52.90,PKR 48.05 - 50.78,PKR 42.32 (-20.0%),PKR 68.77 (+30.0%),PKR 95.22 (+80.0%),+30.0%,+80.0%,1 : 4.0,Allocate 8.0% of portfolio to this trade (risk 1% max = Entry-Stop x Shares),Annually,57.6
FATIMA,long_term,70.6,75,71,-3,LIVE,yfinance(FATIMA.KA),ACCUMULATE,ROE 22.7% (excellent) | D/E 15 (low leverage) | P/E 10.8 (value),"Oil industry opposes windfall tax in upcoming budget | Govt mulls scrapping export tax in budget | Solar panels, fertilizers may escape tax hike in upcoming budget The federal government is reportedly planning a series of tax relief measures in the ",BEARISH,PKR 139.66,WAIT -- price below SMA-200,N/A,N/A,N/A,N/A,N/A,N/A,0% -- avoid,N/A,
AIRLINK,long_term,70.4,80,64,0,LIVE,yfinance(AIRLINK.KA),ACCUMULATE,ROE 32.9% (excellent) | D/E 4 (low leverage) | P/E 16.2 (fair),"Supernet plans right issue of up to Rs914.8m The Board of Directors of Supernet Technologies Limited (PSX: STL) has approved, in principle, the compan | ITANZ secures strategic tech MoUs during PM's China visit iTANZ Technologies Limited (PSX:ITANZ)  signed Memorandums of Understanding (MoUs) with thre",BEARISH,PKR 154.88,WAIT -- price below SMA-200,N/A,N/A,N/A,N/A,N/A,N/A,0% -- avoid,N/A,
SCBPL,long_term,70.2,75,67,0,LIVE,yfinance(SCBPL.KA),ACCUMULATE,ROE 25.4% (excellent) | P/E 10.3 (value) | Div yield 10.1% (high income),,BEARISH,PKR 64.40,WAIT -- price below SMA-200,N/A,N/A,N/A,N/A,N/A,N/A,0% -- avoid,N/A,
BWCL,very_long_term,70.0,50,75,0,LIVE,yfinance(BWCL.KA),ACCUMULATE,ROE 25.3% (excellent) | D/E 67 (moderate) | P/E 10.8 (value),,BEARISH,PKR 439.02,WAIT -- price below SMA-200,N/A,N/A,N/A,N/A,N/A,N/A,0% -- avoid,N/A,
LUCK,swing,69.9,75,58,0,LIVE,yfinance(LUCK.KA),BUY,ROE 22.8% (excellent) | D/E 33 (low leverage) | P/E 39.5 (expensive),,Bearish,PKR 437.14,PKR 432.77 - 441.51,PKR 414.41 (-5.2%),PKR 456.08 (+4.3%),PKR 468.71 (+7.2%),+4.3%,+7.2%,1 : 1.39,Allocate 2.0% of portfolio to this trade (risk 1% max = Entry-Stop x Shares),Weekly,54.8
FATIMA,very_long_term,69.8,75,71,-3,LIVE,yfinance(FATIMA.KA),ACCUMULATE,ROE 22.7% (excellent) | D/E 15 (low leverage) | P/E 10.8 (value),"Oil industry opposes windfall tax in upcoming budget | Govt mulls scrapping export tax in budget | Solar panels, fertilizers may escape tax hike in upcoming budget The federal government is reportedly planning a series of tax relief measures in the ",BEARISH,PKR 139.66,WAIT -- price below SMA-200,N/A,N/A,N/A,N/A,N/A,N/A,0% -- avoid,N/A,
PIBTL,swing,69.8,80,46,0,LIVE,yfinance(PIBTL.KA),BUY,ROE 11.8% (fair) | D/E 17 (low leverage) | P/E 13.8 (fair),,Bullish,PKR 16.69,PKR 16.52 - 16.86,PKR 15.63 (-6.4%),PKR 17.58 (+5.3%),PKR 18.17 (+8.9%),+5.3%,+8.9%,1 : 1.4,Allocate 2.0% of portfolio to this trade (risk 1% max = Entry-Stop x Shares),Weekly,53.1
IBFL,swing,69.5,80,45,0,LIVE,yfinance(IBFL.KA),BUY,ROE -0.8% (weak) | D/E 24 (low leverage) | P/E 1.0 (deep value),,Bearish,PKR 231.01,PKR 228.70 - 233.32,PKR 207.09 (-10.4%),PKR 250.94 (+8.6%),PKR 264.24 (+14.4%),+8.6%,+14.4%,1 : 1.39,Allocate 2.0% of portfolio to this trade (risk 1% max = Entry-Stop x Shares),Weekly,65.3
COLG,very_long_term,69.4,75,68,0,LIVE,yfinance(COLG.KA),ACCUMULATE,ROE 51.3% (excellent) | D/E 5 (low leverage) | P/E 15.7 (fair),,BEARISH,"PKR 1,148.37",WAIT -- price below SMA-200,N/A,N/A,N/A,N/A,N/A,N/A,0% -- avoid,N/A,
MCB,swing,69.1,75,52,1,LIVE,yfinance(MCB.KA),BUY,ROE 18.7% (good) | P/E 9.1 (value) | Div yield 8.8% (high income),"SBP adds SAR, AED to Naya Pakistan Certificates The State Bank of Pakistan has issued updated rates of return for Conventional Naya Pakistan Certifica | Pakistan targets 4% GDP growth in FY27 Pakistan has set a GDP growth target of 4% for fiscal year 2026-27, banking on a recovery across agriculture, i",Bullish,PKR 407.38,PKR 403.31 - 411.45,PKR 394.01 (-3.3%),PKR 418.52 (+2.7%),PKR 425.95 (+4.6%),+2.7%,+4.6%,1 : 1.39,Allocate 2.0% of portfolio to this trade (risk 1% max = Entry-Stop x Shares),Weekly,55.3
FABL,long_term,69.0,90,55,0,LIVE,yfinance(FABL.KA),ACCUMULATE,ROE 20.6% (excellent) | P/E 6.3 (deep value) | Div yield 7.2% (solid),,Bullish,PKR 89.79,PKR 87.10 - 88.89,PKR 79.02 (-12.0%),PKR 107.75 (+20.0%),PKR 125.71 (+40.0%),+20.0%,+40.0%,1 : 3.34,Allocate 5.0% of portfolio to this trade (risk 1% max = Entry-Stop x Shares),Quarterly,56.0
KTML,swing,69.0,75,55,0,LIVE,yfinance(KTML.KA),BUY,ROE 13.9% (fair) | D/E 20 (low leverage) | P/E 7.9 (deep value),"Idrees Textile shifts to value-added products Idrees Textile Mills Limited is charting a new course. The Company's Board of Directors, convening on Ju | Idrees Textile shifts to value-added products",Bearish,PKR 47.20,PKR 46.73 - 47.67,PKR 42.86 (-9.2%),PKR 50.82 (+7.7%),PKR 53.23 (+12.8%),+7.7%,+12.8%,1 : 1.39,Allocate 2.0% of portfolio to this trade (risk 1% max = Entry-Stop x Shares),Weekly,50.2
MTL,very_long_term,69.0,25,80,0,LIVE,yfinance(MTL.KA),ACCUMULATE,ROE 97.4% (excellent) | D/E 29 (low leverage) | P/E 15.7 (fair),,BEARISH,PKR 284.79,WAIT -- price below SMA-200,N/A,N/A,N/A,N/A,N/A,N/A,0% -- avoid,N/A,
APL,very_long_term,68.8,65,71,-1,LIVE,yfinance(APL.KA),ACCUMULATE,ROE 26.2% (excellent) | D/E 16 (low leverage) | P/E 3.9 (deep value),Oil industry opposes windfall tax in upcoming budget | Pakistan's Oil Supply Chain Amid Regional Conflict: Observations and the Path Forward,Bullish,PKR 546.66,PKR 502.93 - 524.79,PKR 437.33 (-20.0%),PKR 710.66 (+30.0%),PKR 983.99 (+80.0%),+30.0%,+80.0%,1 : 4.0,Allocate 8.0% of portfolio to this trade (risk 1% max = Entry-Stop x Shares),Annually,38.4
SCBPL,very_long_term,68.6,75,67,0,LIVE,yfinance(SCBPL.KA),ACCUMULATE,ROE 25.4% (excellent) | P/E 10.3 (value) | Div yield 10.1% (high income),,BEARISH,PKR 64.40,WAIT -- price below SMA-200,N/A,N/A,N/A,N/A,N/A,N/A,0% -- avoid,N/A,
RMPL,swing,68.2,70,64,0,LIVE,yfinance(RMPL.KA),BUY,ROE 22.0% (excellent) | D/E 6 (low leverage) | P/E 13.5 (fair),,Bullish,"PKR 9,687.50","PKR 9,590.62 - 9,784.38","PKR 9,389.29 (-3.1%)","PKR 9,936.00 (+2.6%)","PKR 10,101.67 (+4.3%)",+2.6%,+4.3%,1 : 1.39,Allocate 2.0% of portfolio to this trade (risk 1% max = Entry-Stop x Shares),Weekly,68.2
MLCF,swing,68.1,75,52,0,LIVE,yfinance(MLCF.KA),BUY,ROE 15.9% (good) | D/E 138 (high) | P/E 8.4 (value),,Bearish,PKR 88.02,PKR 87.14 - 88.90,PKR 81.85 (-7.0%),PKR 93.16 (+5.8%),PKR 96.59 (+9.7%),+5.8%,+9.7%,1 : 1.39,Allocate 2.0% of portfolio to this trade (risk 1% max = Entry-Stop x Shares),Weekly,53.0
GLAXO,swing,68.0,65,75,0,LIVE,yfinance(GLAXO.KA),BUY,ROE 31.5% (excellent) | D/E 5 (low leverage) | P/E 10.5 (value),,Bearish,PKR 346.29,PKR 342.83 - 349.75,PKR 329.17 (-4.9%),PKR 360.56 (+4.1%),PKR 370.06 (+6.9%),+4.1%,+6.9%,1 : 1.39,Allocate 2.0% of portfolio to this trade (risk 1% max = Entry-Stop x Shares),Weekly,49.5
YOUW,very_long_term,68.0,60,70,0,LIVE,yfinance(YOUW.KA),ACCUMULATE,ROE 17.0% (good) | D/E 17 (low leverage) | P/E 1.0 (deep value),,Bullish,PKR 5.76,PKR 5.30 - 5.53,PKR 4.61 (-20.0%),PKR 7.49 (+30.0%),PKR 10.37 (+80.0%),+30.0%,+80.0%,1 : 4.01,Allocate 8.0% of portfolio to this trade (risk 1% max = Entry-Stop x Shares),Annually,47.8
AHCL,swing,68.0,65,75,0,LIVE,yfinance(AHCL.KA),BUY,ROE 23.6% (excellent) | D/E 12 (low leverage) | P/E 1.0 (deep value),,Bearish,PKR 14.37,PKR 14.23 - 14.51,PKR 13.65 (-5.0%),PKR 14.97 (+4.2%),PKR 15.37 (+7.0%),+4.2%,+7.0%,1 : 1.39,Allocate 2.0% of portfolio to this trade (risk 1% max = Entry-Stop x Shares),Weekly,51.3
FHAM,long_term,67.8,75,63,0,LIVE,yfinance(FHAM.KA),HOLD,ROE 14.3% (fair) | D/E 0 (low leverage) | P/E 4.2 (deep value),,BEARISH,PKR 31.73,WAIT -- price below SMA-200,N/A,N/A,N/A,N/A,N/A,N/A,0% -- avoid,N/A,
ABOT,very_long_term,67.6,50,72,0,LIVE,yfinance(ABOT.KA),HOLD,ROE 28.6% (excellent) | D/E 5 (low leverage) | P/E 10.4 (value),,BEARISH,PKR 884.95,WAIT -- price below SMA-200,N/A,N/A,N/A,N/A,N/A,N/A,0% -- avoid,N/A,
EFERT,very_long_term,67.6,60,72,-3,LIVE,yfinance(EFERT.KA),HOLD,ROE 55.9% (excellent) | D/E 93 (moderate) | P/E 11.9 (value),"Oil industry opposes windfall tax in upcoming budget | Govt mulls scrapping export tax in budget | Solar panels, fertilizers may escape tax hike in upcoming budget The federal government is reportedly planning a series of tax relief measures in the ",BEARISH,PKR 202.41,WAIT -- price below SMA-200,N/A,N/A,N/A,N/A,N/A,N/A,0% -- avoid,N/A,
SSGC,swing,67.6,85,27,0,LIVE,yfinance(SSGC.KA),WATCH,ROE -16.9% (weak) | D/E 1105 (very high leverage) | P/E 1.0 (deep value),,Bearish,PKR 27.27,PKR 27.00 - 27.54,PKR 25.24 (-7.4%),PKR 28.96 (+6.2%),PKR 30.09 (+10.3%),+6.2%,+10.3%,1 : 1.39,Allocate 2.0% of portfolio to this trade (risk 1% max = Entry-Stop x Shares),Weekly,54.0
APL,long_term,67.6,65,71,-1,LIVE,yfinance(APL.KA),HOLD,ROE 26.2% (excellent) | D/E 16 (low leverage) | P/E 3.9 (deep value),Oil industry opposes windfall tax in upcoming budget | Pakistan's Oil Supply Chain Amid Regional Conflict: Observations and the Path Forward,Bullish,PKR 546.66,PKR 530.26 - 541.19,PKR 481.06 (-12.0%),PKR 655.99 (+20.0%),PKR 765.32 (+40.0%),+20.0%,+40.0%,1 : 3.33,Allocate 5.0% of portfolio to this trade (risk 1% max = Entry-Stop x Shares),Quarterly,38.4
LCI,very_long_term,67.2,40,74,0,LIVE,yfinance(LCI.KA),HOLD,ROE 17.3% (good) | D/E 30 (low leverage) | P/E 1.0 (deep value),,BEARISH,PKR 225.62,WAIT -- price below SMA-200,N/A,N/A,N/A,N/A,N/A,N/A,0% -- avoid,N/A,
SRVI,swing,67.2,75,49,0,LIVE,yfinance(SRVI.KA),WATCH,ROE 49.8% (excellent) | D/E 52 (moderate) | P/E 86.2 (expensive),,Bullish,"PKR 2,091.27","PKR 2,070.36 - 2,112.18","PKR 1,970.26 (-5.8%)","PKR 2,192.11 (+4.8%)","PKR 2,259.34 (+8.0%)",+4.8%,+8.0%,1 : 1.39,Allocate 2.0% of portfolio to this trade (risk 1% max = Entry-Stop x Shares),Weekly,82.3
NPL,very_long_term,67.2,60,69,0,LIVE,yfinance(NPL.KA),HOLD,ROE 10.6% (fair) | D/E 0 (low leverage) | P/E 8.1 (value),,Bullish,PKR 69.29,PKR 63.75 - 66.52,PKR 55.43 (-20.0%),PKR 90.08 (+30.0%),PKR 124.72 (+80.0%),+30.0%,+80.0%,1 : 4.0,Allocate 8.0% of portfolio to this trade (risk 1% max = Entry-Stop x Shares),Annually,42.9
DGKC,long_term,67.2,75,62,0,LIVE,yfinance(DGKC.KA),HOLD,ROE 12.1% (fair) | D/E 18 (low leverage) | P/E 7.4 (deep value),,BEARISH,PKR 193.88,WAIT -- price below SMA-200,N/A,N/A,N/A,N/A,N/A,N/A,0% -- avoid,N/A,
AIRLINK,very_long_term,67.2,80,64,0,LIVE,yfinance(AIRLINK.KA),HOLD,ROE 32.9% (excellent) | D/E 4 (low leverage) | P/E 16.2 (fair),"Supernet plans right issue of up to Rs914.8m The Board of Directors of Supernet Technologies Limited (PSX: STL) has approved, in principle, the compan | ITANZ secures strategic tech MoUs during PM's China visit iTANZ Technologies Limited (PSX:ITANZ)  signed Memorandums of Understanding (MoUs) with thre",BEARISH,PKR 154.88,WAIT -- price below SMA-200,N/A,N/A,N/A,N/A,N/A,N/A,0% -- avoid,N/A,
HBL,long_term,67.0,90,50,1,LIVE,yfinance(HBL.KA),HOLD,ROE 15.1% (good) | P/E 6.7 (deep value) | Div yield 7.0% (solid),"SBP adds SAR, AED to Naya Pakistan Certificates The State Bank of Pakistan has issued updated rates of return for Conventional Naya Pakistan Certifica | Pakistan targets 4% GDP growth in FY27 Pakistan has set a GDP growth target of 4% for fiscal year 2026-27, banking on a recovery across agriculture, i",Bullish,PKR 287.68,PKR 279.05 - 284.80,PKR 253.16 (-12.0%),PKR 345.22 (+20.0%),PKR 402.75 (+40.0%),+20.0%,+40.0%,1 : 3.33,Allocate 5.0% of portfolio to this trade (risk 1% max = Entry-Stop x Shares),Quarterly,52.6
TRG,long_term,67.0,85,55,0,LIVE,yfinance(TRG.KA),HOLD,ROE -13.7% (weak) | D/E 21 (low leverage) | P/E 1.0 (deep value),"Supernet plans right issue of up to Rs914.8m The Board of Directors of Supernet Technologies Limited (PSX: STL) has approved, in principle, the compan | TRG confirms Chishti-linked share transfer TRG Pakistan Limited (TRGP) has formally confirmed that the massive block of shares recently acquired by JS | ITANZ secures strategic tech MoUs during PM's China visit iTANZ Technologies Limited (PSX:ITANZ)  signed Memorandums of Understanding (MoUs) with thre",Bullish,PKR 74.06,PKR 61.64 - 73.32,PKR 65.17 (-12.0%),PKR 88.87 (+20.0%),PKR 103.68 (+40.0%),+20.0%,+40.0%,1 : 3.33,Allocate 5.0% of portfolio to this trade (risk 1% max = Entry-Stop x Shares),Quarterly,74.1
HALEON,very_long_term,66.8,50,71,0,LIVE,yfinance(HALEON.KA),HOLD,ROE 50.1% (excellent) | D/E 7 (low leverage) | P/E 13.6 (fair),,BEARISH,PKR 759.92,WAIT -- price below SMA-200,N/A,N/A,N/A,N/A,N/A,N/A,0% -- avoid,N/A,
TGL,very_long_term,66.6,85,62,0,LIVE,yfinance(TGL.KA),HOLD,ROE 18.2% (good) | D/E 4 (low leverage) | P/E 7.2 (deep value),,BEARISH,PKR 177.26,WAIT -- price below SMA-200,N/A,N/A,N/A,N/A,N/A,N/A,0% -- avoid,N/A,
THALL,very_long_term,66.6,85,62,0,LIVE,yfinance(THALL.KA),HOLD,ROE 17.2% (good) | D/E 6 (low leverage) | P/E 5.5 (deep value),,Bullish,PKR 622.05,PKR 572.29 - 597.17,PKR 497.64 (-20.0%),PKR 808.66 (+30.0%),"PKR 1,119.69 (+80.0%)",+30.0%,+80.0%,1 : 4.0,Allocate 8.0% of portfolio to this trade (risk 1% max = Entry-Stop x Shares),Annually,50.9
BAHL,long_term,66.4,75,59,1,LIVE,yfinance(BAHL.KA),HOLD,ROE 18.2% (good) | P/E 7.2 (deep value) | Div yield 8.6% (high income),"SBP adds SAR, AED to Naya Pakistan Certificates The State Bank of Pakistan has issued updated rates of return for Conventional Naya Pakistan Certifica | Pakistan targets 4% GDP growth in FY27 Pakistan has set a GDP growth target of 4% for fiscal year 2026-27, banking on a recovery across agriculture, i",BEARISH,PKR 174.00,WAIT -- price below SMA-200,N/A,N/A,N/A,N/A,N/A,N/A,0% -- avoid,N/A,
RMPL,long_term,66.4,70,64,0,LIVE,yfinance(RMPL.KA),HOLD,ROE 22.0% (excellent) | D/E 6 (low leverage) | P/E 13.5 (fair),,Bullish,"PKR 9,687.50","PKR 9,396.88 - 9,590.62","PKR 8,525.00 (-12.0%)","PKR 11,625.00 (+20.0%)","PKR 13,562.50 (+40.0%)",+20.0%,+40.0%,1 : 3.33,Allocate 5.0% of portfolio to this trade (risk 1% max = Entry-Stop x Shares),Quarterly,68.2
PAEL,swing,66.3,75,46,0,LIVE,yfinance(PAEL.KA),WATCH,ROE 8.6% (weak) | D/E 18 (low leverage) | P/E 11.1 (value),,Bearish,PKR 40.42,PKR 40.02 - 40.82,PKR 37.92 (-6.2%),PKR 42.51 (+5.2%),PKR 43.90 (+8.6%),+5.2%,+8.6%,1 : 1.39,Allocate 2.0% of portfolio to this trade (risk 1% max = Entry-Stop x Shares),Weekly,53.4
NBP,very_long_term,66.2,90,59,1,LIVE,yfinance(NBP.KA),HOLD,ROE 17.9% (good) | P/E 5.0 (deep value) | Div yield 18.5% (high income),"SBP adds SAR, AED to Naya Pakistan Certificates The State Bank of Pakistan has issued updated rates of return for Conventional Naya Pakistan Certifica | Pakistan targets 4% GDP growth in FY27 Pakistan has set a GDP growth target of 4% for fiscal year 2026-27, banking on a recovery across agriculture, i",Bullish,PKR 189.09,PKR 173.96 - 181.53,PKR 151.27 (-20.0%),PKR 245.82 (+30.0%),PKR 340.36 (+80.0%),+30.0%,+80.0%,1 : 4.0,Allocate 8.0% of portfolio to this trade (risk 1% max = Entry-Stop x Shares),Annually,49.5
CHCC,long_term,66.2,50,77,0,LIVE,yfinance(CHCC.KA),HOLD,ROE 21.4% (excellent) | D/E 22 (low leverage) | P/E 7.3 (deep value),,BEARISH,PKR 275.24,WAIT -- price below SMA-200,N/A,N/A,N/A,N/A,N/A,N/A,0% -- avoid,N/A,
GHGL,very_long_term,66.2,55,69,0,LIVE,yfinance(GHGL.KA),HOLD,ROE 15.9% (good) | D/E 5 (low leverage) | P/E 5.6 (deep value),,BEARISH,PKR 34.68,WAIT -- price below SMA-200,N/A,N/A,N/A,N/A,N/A,N/A,0% -- avoid,N/A,
YOUW,long_term,66.0,60,70,0,LIVE,yfinance(YOUW.KA),HOLD,ROE 17.0% (good) | D/E 17 (low leverage) | P/E 1.0 (deep value),,Bullish,PKR 5.76,PKR 5.59 - 5.70,PKR 5.07 (-12.0%),PKR 6.91 (+20.0%),PKR 8.06 (+39.9%),+20.0%,+39.9%,1 : 3.33,Allocate 5.0% of portfolio to this trade (risk 1% max = Entry-Stop x Shares),Quarterly,47.8
POWER,long_term,66.0,90,50,0,LIVE,yfinance(POWER.KA),HOLD,ROE 12.7% (fair) | D/E 35 (low leverage) | P/E 9.0 (value),"Top EU diplomat says Pakistan a major regional power, ‘important partner’ | Seven years on, Bajaur solar power  project still incomplete | 'No sufficient outcome' yet of talks to secure discounts from Chinese power producers: Leghari",Bullish,PKR 20.46,PKR 19.73 - 20.26,PKR 18.00 (-12.0%),PKR 24.55 (+20.0%),PKR 28.64 (+40.0%),+20.0%,+40.0%,1 : 3.33,Allocate 5.0% of portfolio to this trade (risk 1% max = Entry-Stop x Shares),Quarterly,57.2
PAKT,long_term,66.0,45,80,0,LIVE,yfinance(PAKT.KA),HOLD,ROE 66.3% (excellent) | D/E 11 (low leverage) | P/E 10.4 (value),,BEARISH,"PKR 1,342.74",WAIT -- price below SMA-200,N/A,N/A,N/A,N/A,N/A,N/A,0% -- avoid,N/A,
APL,swing,65.8,65,71,-1,LIVE,yfinance(APL.KA),WATCH,ROE 26.2% (excellent) | D/E 16 (low leverage) | P/E 3.9 (deep value),Oil industry opposes windfall tax in upcoming budget | Pakistan's Oil Supply Chain Amid Regional Conflict: Observations and the Path Forward,Bullish,PKR 546.66,PKR 541.19 - 552.13,PKR 525.17 (-3.9%),PKR 564.57 (+3.3%),PKR 576.51 (+5.5%),+3.3%,+5.5%,1 : 1.39,Allocate 2.0% of portfolio to this trade (risk 1% max = Entry-Stop x Shares),Weekly,38.4
KOHC,very_long_term,65.6,60,67,0,LIVE,yfinance(KOHC.KA),HOLD,ROE 18.5% (good) | D/E 17 (low leverage) | P/E 8.2 (value),,BEARISH,PKR 86.86,WAIT -- price below SMA-200,N/A,N/A,N/A,N/A,N/A,N/A,0% -- avoid,N/A,
LOTCHEM,long_term,65.4,90,49,0,LIVE,yfinance(LOTCHEM.KA),HOLD,ROE 9.5% (weak) | D/E 23 (low leverage) | P/E 22.4 (slightly rich),,Bullish,PKR 28.41,PKR 27.34 - 28.13,PKR 25.00 (-12.0%),PKR 34.09 (+20.0%),PKR 39.77 (+40.0%),+20.0%,+40.0%,1 : 3.33,Allocate 5.0% of portfolio to this trade (risk 1% max = Entry-Stop x Shares),Quarterly,60.3
MEBL,very_long_term,65.4,90,58,1,LIVE,yfinance(MEBL.KA),HOLD,ROE 33.9% (excellent) | P/E 9.7 (value) | Div yield 5.8% (solid),"SBP adds SAR, AED to Naya Pakistan Certificates The State Bank of Pakistan has issued updated rates of return for Conventional Naya Pakistan Certifica | Pakistan targets 4% GDP growth in FY27 Pakistan has set a GDP growth target of 4% for fiscal year 2026-27, banking on a recovery across agriculture, i",Bullish,PKR 485.77,PKR 446.91 - 466.34,PKR 388.62 (-20.0%),PKR 631.50 (+30.0%),PKR 874.39 (+80.0%),+30.0%,+80.0%,1 : 4.0,Allocate 8.0% of portfolio to this trade (risk 1% max = Entry-Stop x Shares),Annually,52.6
FHAM,very_long_term,65.4,75,63,0,LIVE,yfinance(FHAM.KA),HOLD,ROE 14.3% (fair) | D/E 0 (low leverage) | P/E 4.2 (deep value),,BEARISH,PKR 31.73,WAIT -- price below SMA-200,N/A,N/A,N/A,N/A,N/A,N/A,0% -- avoid,N/A,
NPL,long_term,65.4,60,69,0,LIVE,yfinance(NPL.KA),HOLD,ROE 10.6% (fair) | D/E 0 (low leverage) | P/E 8.1 (value),,Bullish,PKR 69.29,PKR 67.21 - 68.60,PKR 60.98 (-12.0%),PKR 83.15 (+20.0%),PKR 97.01 (+40.0%),+20.0%,+40.0%,1 : 3.34,Allocate 5.0% of portfolio to this trade (risk 1% max = Entry-Stop x Shares),Quarterly,42.9
EFERT,long_term,65.2,60,72,-3,LIVE,yfinance(EFERT.KA),HOLD,ROE 55.9% (excellent) | D/E 93 (moderate) | P/E 11.9 (value),"Oil industry opposes windfall tax in upcoming budget | Govt mulls scrapping export tax in budget | Solar panels, fertilizers may escape tax hike in upcoming budget The federal government is reportedly planning a series of tax relief measures in the ",BEARISH,PKR 202.41,WAIT -- price below SMA-200,N/A,N/A,N/A,N/A,N/A,N/A,0% -- avoid,N/A,
UBL,very_long_term,65.2,90,59,0,LIVE,yfinance(UBL.KA),HOLD,ROE 36.8% (excellent) | P/E 7.2 (deep value) | Div yield 7.3% (solid),"PSX rebounds in April after brutal slide After enduring back-to-back double-digit monthly losses, the sharpest in years, Pakistan's equity market stag | SBP adds SAR, AED to Naya Pakistan Certificates The State Bank of Pakistan has issued updated rates of return for Conventional Naya Pakistan Certifica | Pakistan targets 4% GDP growth in FY27 Pakistan has set a GDP growth target of 4% for fiscal year 2026-27, banking on a recovery across agriculture, i",Bullish,PKR 404.77,PKR 372.39 - 388.58,PKR 323.82 (-20.0%),PKR 526.20 (+30.0%),PKR 728.59 (+80.0%),+30.0%,+80.0%,1 : 4.0,Allocate 8.0% of portfolio to this trade (risk 1% max = Entry-Stop x Shares),Annually,54.0
HCAR,long_term,65.2,85,52,0,LIVE,yfinance(HCAR.KA),HOLD,ROE 13.2% (fair) | D/E 9 (low leverage) | P/E 11.7 (value),,Bullish,PKR 265.21,PKR 226.63 - 262.56,PKR 233.38 (-12.0%),PKR 318.25 (+20.0%),PKR 371.29 (+40.0%),+20.0%,+40.0%,1 : 3.33,Allocate 5.0% of portfolio to this trade (risk 1% max = Entry-Stop x Shares),Quarterly,74.4
RMPL,very_long_term,65.2,70,64,0,LIVE,yfinance(RMPL.KA),HOLD,ROE 22.0% (excellent) | D/E 6 (low leverage) | P/E 13.5 (fair),,Bullish,"PKR 9,687.50","PKR 8,912.50 - 9,300.00","PKR 7,750.00 (-20.0%)","PKR 12,593.75 (+30.0%)","PKR 17,437.50 (+80.0%)",+30.0%,+80.0%,1 : 4.0,Allocate 8.0% of portfolio to this trade (risk 1% max = Entry-Stop x Shares),Annually,68.2
BWCL,long_term,65.0,50,75,0,LIVE,yfinance(BWCL.KA),HOLD,ROE 25.3% (excellent) | D/E 67 (moderate) | P/E 10.8 (value),,BEARISH,PKR 439.02,WAIT -- price below SMA-200,N/A,N/A,N/A,N/A,N/A,N/A,0% -- avoid,N/A,
HMB,long_term,65.0,80,55,0,LIVE,yfinance(HMB.KA),HOLD,ROE 18.1% (good) | P/E 5.7 (deep value) | Div yield 10.3% (high income),,Bullish,PKR 117.00,PKR 113.49 - 115.83,PKR 102.96 (-12.0%),PKR 140.40 (+20.0%),PKR 163.80 (+40.0%),+20.0%,+40.0%,1 : 3.33,Allocate 5.0% of portfolio to this trade (risk 1% max = Entry-Stop x Shares),Quarterly,56.3
LUCK,long_term,64.8,75,58,0,LIVE,yfinance(LUCK.KA),HOLD,ROE 22.8% (excellent) | D/E 33 (low leverage) | P/E 39.5 (expensive),,BEARISH,PKR 437.14,WAIT -- price below SMA-200,N/A,N/A,N/A,N/A,N/A,N/A,0% -- avoid,N/A,
PSX,swing,64.7,70,49,1,LIVE,yfinance(PSX.KA),WATCH,ROE 16.7% (good) | P/E 15.1 (fair) | Div yield 4.5% (moderate),"PSX extends gains in post-Eid session | PSX Closing Bell: Bears Have the Final Say The benchmark KSE-100 Index came under significant selling pressure on Monday, closing at 170,600.20, down  | Dadex Eternit to sell Karachi property to AKD for Rs800m Dadex Eternit Limited (PSX:DADX) has entered into an agreement with Mr. Aqeel Karim Dhedhi fo",Bearish,PKR 37.70,PKR 37.32 - 38.08,PKR 35.29 (-6.4%),PKR 39.71 (+5.3%),PKR 41.05 (+8.9%),+5.3%,+8.9%,1 : 1.39,Allocate 2.0% of portfolio to this trade (risk 1% max = Entry-Stop x Shares),Weekly,52.3
DGKC,very_long_term,64.6,75,62,0,LIVE,yfinance(DGKC.KA),HOLD,ROE 12.1% (fair) | D/E 18 (low leverage) | P/E 7.4 (deep value),,BEARISH,PKR 193.88,WAIT -- price below SMA-200,N/A,N/A,N/A,N/A,N/A,N/A,0% -- avoid,N/A,
KOHC,long_term,64.2,60,67,0,LIVE,yfinance(KOHC.KA),HOLD,ROE 18.5% (good) | D/E 17 (low leverage) | P/E 8.2 (value),,BEARISH,PKR 86.86,WAIT -- price below SMA-200,N/A,N/A,N/A,N/A,N/A,N/A,0% -- avoid,N/A,
FFL,swing,63.9,75,38,0,LIVE,yfinance(FFL.KA),WATCH,ROE 10.8% (fair) | D/E 3 (low leverage) | P/E 38.0 (expensive),,Bearish,PKR 18.23,PKR 18.05 - 18.41,PKR 17.20 (-5.7%),PKR 19.09 (+4.7%),PKR 19.66 (+7.8%),+4.7%,+7.8%,1 : 1.39,Allocate 2.0% of portfolio to this trade (risk 1% max = Entry-Stop x Shares),Weekly,59.2
ABL,long_term,63.8,85,48,1,LIVE,yfinance(ABL.KA),HOLD,ROE 14.7% (fair) | P/E 5.9 (deep value) | Div yield 8.9% (high income),"Meta plans AI pendant, 'wearables for work' in hardware boost: report | SBP adds SAR, AED to Naya Pakistan Certificates The State Bank of Pakistan has issued updated rates of return for Conventional Naya Pakistan Certifica | Pakistan targets 4% GDP growth in FY27 Pakistan has set a GDP growth target of 4% for fiscal year 2026-27, banking on a recovery across agriculture, i",Bullish,PKR 180.11,PKR 174.71 - 178.31,PKR 158.50 (-12.0%),PKR 216.13 (+20.0%),PKR 252.15 (+40.0%),+20.0%,+40.0%,1 : 3.33,Allocate 5.0% of portfolio to this trade (risk 1% max = Entry-Stop x Shares),Quarterly,53.1
AGP,swing,63.5,65,60,0,LIVE,yfinance(AGP.KA),WATCH,ROE 24.6% (excellent) | D/E 11 (low leverage) | P/E 21.3 (slightly rich),,Bearish,PKR 186.25,PKR 184.39 - 188.11,PKR 176.62 (-5.2%),PKR 194.28 (+4.3%),PKR 199.62 (+7.2%),+4.3%,+7.2%,1 : 1.39,Allocate 2.0% of portfolio to this trade (risk 1% max = Entry-Stop x Shares),Weekly,50.7
GHGL,long_term,63.4,55,69,0,LIVE,yfinance(GHGL.KA),HOLD,ROE 15.9% (good) | D/E 5 (low leverage) | P/E 5.6 (deep value),,BEARISH,PKR 34.68,WAIT -- price below SMA-200,N/A,N/A,N/A,N/A,N/A,N/A,0% -- avoid,N/A,
HUMNL,swing,63.4,70,48,0,LIVE,yfinance(HUMNL.KA),WATCH,ROE 0.9% (weak) | D/E 1 (low leverage) | P/E 9.2 (value),,Bearish,PKR 11.00,PKR 10.89 - 11.11,PKR 10.39 (-5.5%),PKR 11.51 (+4.6%),PKR 11.85 (+7.7%),+4.6%,+7.7%,1 : 1.39,Allocate 2.0% of portfolio to this trade (risk 1% max = Entry-Stop x Shares),Weekly,55.6
BAHL,very_long_term,63.2,75,59,1,LIVE,yfinance(BAHL.KA),HOLD,ROE 18.2% (good) | P/E 7.2 (deep value) | Div yield 8.6% (high income),"SBP adds SAR, AED to Naya Pakistan Certificates The State Bank of Pakistan has issued updated rates of return for Conventional Naya Pakistan Certifica | Pakistan targets 4% GDP growth in FY27 Pakistan has set a GDP growth target of 4% for fiscal year 2026-27, banking on a recovery across agriculture, i",BEARISH,PKR 174.00,WAIT -- price below SMA-200,N/A,N/A,N/A,N/A,N/A,N/A,0% -- avoid,N/A,
ABOT,long_term,63.2,50,72,0,LIVE,yfinance(ABOT.KA),HOLD,ROE 28.6% (excellent) | D/E 5 (low leverage) | P/E 10.4 (value),,BEARISH,PKR 884.95,WAIT -- price below SMA-200,N/A,N/A,N/A,N/A,N/A,N/A,0% -- avoid,N/A,
NESTLE,very_long_term,63.2,60,64,0,LIVE,yfinance(NESTLE.KA),HOLD,ROE 70.8% (excellent) | D/E 28 (low leverage) | P/E 19.4 (slightly rich),,BEARISH,"PKR 7,645.71",WAIT -- price below SMA-200,N/A,N/A,N/A,N/A,N/A,N/A,0% -- avoid,N/A,
KTML,long_term,63.0,75,55,0,LIVE,yfinance(KTML.KA),HOLD,ROE 13.9% (fair) | D/E 20 (low leverage) | P/E 7.9 (deep value),"Idrees Textile shifts to value-added products Idrees Textile Mills Limited is charting a new course. The Company's Board of Directors, convening on Ju | Idrees Textile shifts to value-added products",BEARISH,PKR 47.20,WAIT -- price below SMA-200,N/A,N/A,N/A,N/A,N/A,N/A,0% -- avoid,N/A,
YOUW,swing,63.0,60,70,0,LIVE,yfinance(YOUW.KA),WATCH,ROE 17.0% (good) | D/E 17 (low leverage) | P/E 1.0 (deep value),,Bullish,PKR 5.76,PKR 5.70 - 5.82,PKR 5.06 (-12.2%),PKR 6.34 (+10.1%),PKR 6.73 (+16.8%),+10.1%,+16.8%,1 : 1.39,Allocate 2.0% of portfolio to this trade (risk 1% max = Entry-Stop x Shares),Weekly,47.8
NPL,swing,62.7,60,69,0,LIVE,yfinance(NPL.KA),WATCH,ROE 10.6% (fair) | D/E 0 (low leverage) | P/E 8.1 (value),,Bullish,PKR 69.29,PKR 68.60 - 69.98,PKR 64.39 (-7.1%),PKR 73.37 (+5.9%),PKR 76.09 (+9.8%),+5.9%,+9.8%,1 : 1.39,Allocate 2.0% of portfolio to this trade (risk 1% max = Entry-Stop x Shares),Weekly,42.9
HALEON,long_term,62.6,50,71,0,LIVE,yfinance(HALEON.KA),HOLD,ROE 50.1% (excellent) | D/E 7 (low leverage) | P/E 13.6 (fair),,BEARISH,PKR 759.92,WAIT -- price below SMA-200,N/A,N/A,N/A,N/A,N/A,N/A,0% -- avoid,N/A,
PTC,swing,62.5,85,10,0,LIVE,yfinance(PTC.KA),WATCH,ROE -7.6% (weak) | D/E 216 (very high leverage) | P/E 282.9 (expensive),,Bullish,PKR 62.25,PKR 61.63 - 62.87,PKR 57.70 (-7.3%),PKR 66.05 (+6.1%),PKR 68.58 (+10.2%),+6.1%,+10.2%,1 : 1.39,Allocate 2.0% of portfolio to this trade (risk 1% max = Entry-Stop x Shares),Weekly,66.4
KAPCO,very_long_term,62.4,60,63,0,LIVE,yfinance(KAPCO.KA),HOLD,ROE 2.9% (weak) | D/E 1 (low leverage) | P/E 14.8 (fair),"Top EU diplomat says Pakistan a major regional power, ‘important partner’ | Seven years on, Bajaur solar power  project still incomplete | 'No sufficient outcome' yet of talks to secure discounts from Chinese power producers: Leghari",BEARISH,PKR 27.70,WAIT -- price below SMA-200,N/A,N/A,N/A,N/A,N/A,N/A,0% -- avoid,N/A,
NESTLE,long_term,62.4,60,64,0,LIVE,yfinance(NESTLE.KA),HOLD,ROE 70.8% (excellent) | D/E 28 (low leverage) | P/E 19.4 (slightly rich),,BEARISH,"PKR 7,645.71",WAIT -- price below SMA-200,N/A,N/A,N/A,N/A,N/A,N/A,0% -- avoid,N/A,
PIOC,swing,62.3,65,56,0,LIVE,yfinance(PIOC.KA),WATCH,ROE 11.5% (fair) | D/E 50 (low leverage) | P/E 10.8 (value),,Bearish,PKR 262.28,PKR 259.66 - 264.90,PKR 242.75 (-7.4%),PKR 278.55 (+6.2%),PKR 289.40 (+10.3%),+6.2%,+10.3%,1 : 1.39,Allocate 2.0% of portfolio to this trade (risk 1% max = Entry-Stop x Shares),Weekly,53.2
MCB,long_term,62.2,75,52,1,LIVE,yfinance(MCB.KA),HOLD,ROE 18.7% (good) | P/E 9.1 (value) | Div yield 8.8% (high income),"SBP adds SAR, AED to Naya Pakistan Certificates The State Bank of Pakistan has issued updated rates of return for Conventional Naya Pakistan Certifica | Pakistan targets 4% GDP growth in FY27 Pakistan has set a GDP growth target of 4% for fiscal year 2026-27, banking on a recovery across agriculture, i",Bullish,PKR 407.38,PKR 395.16 - 403.31,PKR 358.49 (-12.0%),PKR 488.86 (+20.0%),PKR 570.33 (+40.0%),+20.0%,+40.0%,1 : 3.33,Allocate 5.0% of portfolio to this trade (risk 1% max = Entry-Stop x Shares),Quarterly,55.3
AKBL,long_term,62.2,85,47,0,LIVE,yfinance(AKBL.KA),HOLD,ROE 17.0% (good) | P/E 6.5 (deep value) | Div yield 5.0% (solid),,Bullish,PKR 99.77,PKR 95.00 - 98.77,PKR 87.80 (-12.0%),PKR 119.72 (+20.0%),PKR 139.68 (+40.0%),+20.0%,+40.0%,1 : 3.33,Allocate 5.0% of portfolio to this trade (risk 1% max = Entry-Stop x Shares),Quarterly,65.5
KOHC,swing,62.1,60,67,0,LIVE,yfinance(KOHC.KA),WATCH,ROE 18.5% (good) | D/E 17 (low leverage) | P/E 8.2 (value),,Bearish,PKR 86.86,PKR 85.99 - 87.73,PKR 80.54 (-7.3%),PKR 92.12 (+6.1%),PKR 95.63 (+10.1%),+6.1%,+10.1%,1 : 1.39,Allocate 2.0% of portfolio to this trade (risk 1% max = Entry-Stop x Shares),Weekly,52.3
AGP,long_term,62.0,65,60,0,LIVE,yfinance(AGP.KA),HOLD,ROE 24.6% (excellent) | D/E 11 (low leverage) | P/E 21.3 (slightly rich),,BEARISH,PKR 186.25,WAIT -- price below SMA-200,N/A,N/A,N/A,N/A,N/A,N/A,0% -- avoid,N/A,
PPL,very_long_term,62.0,60,65,-3,LIVE,yfinance(PPL.KA),HOLD,ROE 10.9% (fair) | D/E 10 (low leverage) | P/E 7.7 (deep value),"Oil industry opposes windfall tax in upcoming budget | Govt mulls scrapping export tax in budget | Solar panels, fertilizers may escape tax hike in upcoming budget The federal government is reportedly planning a series of tax relief measures in the ",Bullish,PKR 228.11,PKR 209.86 - 218.99,PKR 182.49 (-20.0%),PKR 296.54 (+30.0%),PKR 410.60 (+80.0%),+30.0%,+80.0%,1 : 4.0,Allocate 8.0% of portfolio to this trade (risk 1% max = Entry-Stop x Shares),Annually,48.8
FABL,very_long_term,62.0,90,55,0,LIVE,yfinance(FABL.KA),HOLD,ROE 20.6% (excellent) | P/E 6.3 (deep value) | Div yield 7.2% (solid),,Bullish,PKR 89.79,PKR 82.61 - 86.20,PKR 71.83 (-20.0%),PKR 116.73 (+30.0%),PKR 161.62 (+80.0%),+30.0%,+80.0%,1 : 4.0,Allocate 8.0% of portfolio to this trade (risk 1% max = Entry-Stop x Shares),Annually,56.0
KAPCO,long_term,61.8,60,63,0,LIVE,yfinance(KAPCO.KA),HOLD,ROE 2.9% (weak) | D/E 1 (low leverage) | P/E 14.8 (fair),"Top EU diplomat says Pakistan a major regional power, ‘important partner’ | Seven years on, Bajaur solar power  project still incomplete | 'No sufficient outcome' yet of talks to secure discounts from Chinese power producers: Leghari",BEARISH,PKR 27.70,WAIT -- price below SMA-200,N/A,N/A,N/A,N/A,N/A,N/A,0% -- avoid,N/A,
EFERT,swing,61.6,60,72,-3,LIVE,yfinance(EFERT.KA),WATCH,ROE 55.9% (excellent) | D/E 93 (moderate) | P/E 11.9 (value),"Oil industry opposes windfall tax in upcoming budget | Govt mulls scrapping export tax in budget | Solar panels, fertilizers may escape tax hike in upcoming budget The federal government is reportedly planning a series of tax relief measures in the ",Bearish,PKR 202.41,PKR 200.39 - 204.43,PKR 194.65 (-3.8%),PKR 208.88 (+3.2%),PKR 213.19 (+5.3%),+3.2%,+5.3%,1 : 1.39,Allocate 2.0% of portfolio to this trade (risk 1% max = Entry-Stop x Shares),Weekly,52.3
LUCK,very_long_term,61.4,75,58,0,LIVE,yfinance(LUCK.KA),HOLD,ROE 22.8% (excellent) | D/E 33 (low leverage) | P/E 39.5 (expensive),,BEARISH,PKR 437.14,WAIT -- price below SMA-200,N/A,N/A,N/A,N/A,N/A,N/A,0% -- avoid,N/A,
NESTLE,swing,61.2,60,64,0,LIVE,yfinance(NESTLE.KA),WATCH,ROE 70.8% (excellent) | D/E 28 (low leverage) | P/E 19.4 (slightly rich),,Bearish,"PKR 7,645.71","PKR 7,569.25 - 7,722.17","PKR 7,389.61 (-3.3%)","PKR 7,859.13 (+2.8%)","PKR 8,001.41 (+4.7%)",+2.8%,+4.7%,1 : 1.39,Allocate 2.0% of portfolio to this trade (risk 1% max = Entry-Stop x Shares),Weekly,56.7
MLCF,long_term,61.2,75,52,0,LIVE,yfinance(MLCF.KA),HOLD,ROE 15.9% (good) | D/E 138 (high) | P/E 8.4 (value),,BEARISH,PKR 88.02,WAIT -- price below SMA-200,N/A,N/A,N/A,N/A,N/A,N/A,0% -- avoid,N/A,
TRG,very_long_term,61.0,85,55,0,LIVE,yfinance(TRG.KA),HOLD,ROE -13.7% (weak) | D/E 21 (low leverage) | P/E 1.0 (deep value),"Supernet plans right issue of up to Rs914.8m The Board of Directors of Supernet Technologies Limited (PSX: STL) has approved, in principle, the compan | TRG confirms Chishti-linked share transfer TRG Pakistan Limited (TRGP) has formally confirmed that the massive block of shares recently acquired by JS | ITANZ secures strategic tech MoUs during PM's China visit iTANZ Technologies Limited (PSX:ITANZ)  signed Memorandums of Understanding (MoUs) with thre",Bullish,PKR 74.06,PKR 57.07 - 71.10,PKR 59.25 (-20.0%),PKR 96.28 (+30.0%),PKR 133.31 (+80.0%),+30.0%,+80.0%,1 : 4.0,Allocate 8.0% of portfolio to this trade (risk 1% max = Entry-Stop x Shares),Annually,74.1
PKGS,long_term,61.0,100,35,0,LIVE,yfinance(PKGS.KA),HOLD,ROE -1.2% (weak) | D/E 92 (moderate) | P/E 26.2 (expensive),,Bullish,PKR 754.73,PKR 732.09 - 747.18,PKR 664.16 (-12.0%),PKR 905.68 (+20.0%),"PKR 1,056.62 (+40.0%)",+20.0%,+40.0%,1 : 3.33,Allocate 5.0% of portfolio to this trade (risk 1% max = Entry-Stop x Shares),Quarterly,57.6
AGP,very_long_term,61.0,65,60,0,LIVE,yfinance(AGP.KA),HOLD,ROE 24.6% (excellent) | D/E 11 (low leverage) | P/E 21.3 (slightly rich),,BEARISH,PKR 186.25,WAIT -- price below SMA-200,N/A,N/A,N/A,N/A,N/A,N/A,0% -- avoid,N/A,
PPL,long_term,61.0,60,65,-3,LIVE,yfinance(PPL.KA),HOLD,ROE 10.9% (fair) | D/E 10 (low leverage) | P/E 7.7 (deep value),"Oil industry opposes windfall tax in upcoming budget | Govt mulls scrapping export tax in budget | Solar panels, fertilizers may escape tax hike in upcoming budget The federal government is reportedly planning a series of tax relief measures in the ",Bullish,PKR 228.11,PKR 221.27 - 225.83,PKR 200.74 (-12.0%),PKR 273.73 (+20.0%),PKR 319.35 (+40.0%),+20.0%,+40.0%,1 : 3.33,Allocate 5.0% of portfolio to this trade (risk 1% max = Entry-Stop x Shares),Quarterly,48.8
KAPCO,swing,60.9,60,63,0,LIVE,yfinance(KAPCO.KA),WATCH,ROE 2.9% (weak) | D/E 1 (low leverage) | P/E 14.8 (fair),"Top EU diplomat says Pakistan a major regional power, ‘important partner’ | Seven years on, Bajaur solar power  project still incomplete | 'No sufficient outcome' yet of talks to secure discounts from Chinese power producers: Leghari",Bearish,PKR 27.70,PKR 27.42 - 27.98,PKR 26.87 (-3.0%),PKR 28.39 (+2.5%),PKR 28.85 (+4.2%),+2.5%,+4.2%,1 : 1.39,Allocate 2.0% of portfolio to this trade (risk 1% max = Entry-Stop x Shares),Weekly,57.4
LCI,long_term,60.4,40,74,0,LIVE,yfinance(LCI.KA),HOLD,ROE 17.3% (good) | D/E 30 (low leverage) | P/E 1.0 (deep value),,BEARISH,PKR 225.62,WAIT -- price below SMA-200,N/A,N/A,N/A,N/A,N/A,N/A,0% -- avoid,N/A,
HMB,very_long_term,60.0,80,55,0,LIVE,yfinance(HMB.KA),HOLD,ROE 18.1% (good) | P/E 5.7 (deep value) | Div yield 10.3% (high income),,Bullish,PKR 117.00,PKR 107.64 - 112.32,PKR 93.60 (-20.0%),PKR 152.10 (+30.0%),PKR 210.60 (+80.0%),+30.0%,+80.0%,1 : 4.0,Allocate 8.0% of portfolio to this trade (risk 1% max = Entry-Stop x Shares),Annually,56.3
PIOC,long_term,59.6,65,56,0,LIVE,yfinance(PIOC.KA),HOLD,ROE 11.5% (fair) | D/E 50 (low leverage) | P/E 10.8 (value),,BEARISH,PKR 262.28,WAIT -- price below SMA-200,N/A,N/A,N/A,N/A,N/A,N/A,0% -- avoid,N/A,
SSOM,very_long_term,59.6,30,67,0,LIVE,yfinance(SSOM.KA),HOLD,ROE 29.6% (excellent) | D/E 8 (low leverage) | P/E 4.9 (deep value),,BEARISH,PKR 413.47,WAIT -- price below SMA-200,N/A,N/A,N/A,N/A,N/A,N/A,0% -- avoid,N/A,
PIBTL,long_term,59.6,80,46,0,LIVE,yfinance(PIBTL.KA),HOLD,ROE 11.8% (fair) | D/E 17 (low leverage) | P/E 13.8 (fair),,Bullish,PKR 16.69,PKR 16.19 - 16.52,PKR 14.69 (-12.0%),PKR 20.03 (+20.0%),PKR 23.37 (+40.0%),+20.0%,+40.0%,1 : 3.34,Allocate 5.0% of portfolio to this trade (risk 1% max = Entry-Stop x Shares),Quarterly,53.1
OGDC,very_long_term,59.6,60,62,-3,LIVE,yfinance(OGDC.KA),HOLD,ROE 11.3% (fair) | D/E 14 (low leverage) | P/E 8.2 (value),"Oil industry opposes windfall tax in upcoming budget | Govt mulls scrapping export tax in budget | Solar panels, fertilizers may escape tax hike in upcoming budget The federal government is reportedly planning a series of tax relief measures in the ",Bullish,PKR 320.33,PKR 294.70 - 307.52,PKR 256.26 (-20.0%),PKR 416.43 (+30.0%),PKR 576.59 (+80.0%),+30.0%,+80.0%,1 : 4.0,Allocate 8.0% of portfolio to this trade (risk 1% max = Entry-Stop x Shares),Annually,50.9
PPL,swing,59.5,60,65,-3,LIVE,yfinance(PPL.KA),WATCH,ROE 10.9% (fair) | D/E 10 (low leverage) | P/E 7.7 (deep value),"Oil industry opposes windfall tax in upcoming budget | Govt mulls scrapping export tax in budget | Solar panels, fertilizers may escape tax hike in upcoming budget The federal government is reportedly planning a series of tax relief measures in the ",Bullish,PKR 228.11,PKR 225.83 - 230.39,PKR 215.92 (-5.3%),PKR 238.27 (+4.5%),PKR 245.04 (+7.4%),+4.5%,+7.4%,1 : 1.39,Allocate 2.0% of portfolio to this trade (risk 1% max = Entry-Stop x Shares),Weekly,48.8
SHFA,very_long_term,59.4,45,63,0,LIVE,yfinance(SHFA.KA),HOLD,ROE 16.9% (good) | D/E 13 (low leverage) | P/E 11.3 (value),,BEARISH,PKR 474.80,WAIT -- price below SMA-200,N/A,N/A,N/A,N/A,N/A,N/A,0% -- avoid,N/A,
SRVI,long_term,59.4,75,49,0,LIVE,yfinance(SRVI.KA),HOLD,ROE 49.8% (excellent) | D/E 52 (moderate) | P/E 86.2 (expensive),,Bullish,"PKR 2,091.27","PKR 1,896.72 - 2,070.36","PKR 1,840.32 (-12.0%)","PKR 2,509.52 (+20.0%)","PKR 2,927.78 (+40.0%)",+20.0%,+40.0%,1 : 3.33,Allocate 5.0% of portfolio to this trade (risk 1% max = Entry-Stop x Shares),Quarterly,82.3
OGDC,long_term,59.2,60,62,-3,LIVE,yfinance(OGDC.KA),HOLD,ROE 11.3% (fair) | D/E 14 (low leverage) | P/E 8.2 (value),"Oil industry opposes windfall tax in upcoming budget | Govt mulls scrapping export tax in budget | Solar panels, fertilizers may escape tax hike in upcoming budget The federal government is reportedly planning a series of tax relief measures in the ",Bullish,PKR 320.33,PKR 310.72 - 317.13,PKR 281.89 (-12.0%),PKR 384.40 (+20.0%),PKR 448.46 (+40.0%),+20.0%,+40.0%,1 : 3.33,Allocate 5.0% of portfolio to this trade (risk 1% max = Entry-Stop x Shares),Quarterly,50.9
BAFL,very_long_term,59.2,55,59,1,LIVE,yfinance(BAFL.KA),HOLD,ROE 17.0% (good) | P/E 3.7 (deep value) | Div yield 8.9% (high income),"SBP adds SAR, AED to Naya Pakistan Certificates The State Bank of Pakistan has issued updated rates of return for Conventional Naya Pakistan Certifica | Pakistan targets 4% GDP growth in FY27 Pakistan has set a GDP growth target of 4% for fiscal year 2026-27, banking on a recovery across agriculture, i",BEARISH,PKR 59.03,WAIT -- price below SMA-200,N/A,N/A,N/A,N/A,N/A,N/A,0% -- avoid,N/A,
GHGL,swing,59.2,55,69,0,LIVE,yfinance(GHGL.KA),WATCH,ROE 15.9% (good) | D/E 5 (low leverage) | P/E 5.6 (deep value),,Bearish,PKR 34.68,PKR 34.33 - 35.03,PKR 32.38 (-6.6%),PKR 36.60 (+5.5%),PKR 37.88 (+9.2%),+5.5%,+9.2%,1 : 1.39,Allocate 2.0% of portfolio to this trade (risk 1% max = Entry-Stop x Shares),Weekly,43.9
ILP,swing,59.1,60,57,0,LIVE,yfinance(ILP.KA),WATCH,ROE 20.3% (excellent) | D/E 65 (moderate) | P/E 9.5 (value),,Bullish,PKR 81.31,PKR 80.50 - 82.12,PKR 77.37 (-4.8%),PKR 84.59 (+4.0%),PKR 86.78 (+6.7%),+4.0%,+6.7%,1 : 1.39,Allocate 2.0% of portfolio to this trade (risk 1% max = Entry-Stop x Shares),Weekly,48.9
KTML,very_long_term,59.0,75,55,0,LIVE,yfinance(KTML.KA),HOLD,ROE 13.9% (fair) | D/E 20 (low leverage) | P/E 7.9 (deep value),"Idrees Textile shifts to value-added products Idrees Textile Mills Limited is charting a new course. The Company's Board of Directors, convening on Ju | Idrees Textile shifts to value-added products",BEARISH,PKR 47.20,WAIT -- price below SMA-200,N/A,N/A,N/A,N/A,N/A,N/A,0% -- avoid,N/A,
IBFL,long_term,59.0,80,45,0,LIVE,yfinance(IBFL.KA),HOLD,ROE -0.8% (weak) | D/E 24 (low leverage) | P/E 1.0 (deep value),,BEARISH,PKR 231.01,WAIT -- price below SMA-200,N/A,N/A,N/A,N/A,N/A,N/A,0% -- avoid,N/A,
GADT,swing,59.0,65,45,0,LIVE,yfinance(GADT.KA),WATCH,ROE 5.1% (weak) | D/E 23 (low leverage) | P/E 7.0 (deep value),,Bearish,PKR 304.91,PKR 301.86 - 307.96,PKR 275.95 (-9.5%),PKR 329.05 (+7.9%),PKR 345.14 (+13.2%),+7.9%,+13.2%,1 : 1.39,Allocate 2.0% of portfolio to this trade (risk 1% max = Entry-Stop x Shares),Weekly,54.2
HBL,very_long_term,59.0,90,50,1,LIVE,yfinance(HBL.KA),HOLD,ROE 15.1% (good) | P/E 6.7 (deep value) | Div yield 7.0% (solid),"SBP adds SAR, AED to Naya Pakistan Certificates The State Bank of Pakistan has issued updated rates of return for Conventional Naya Pakistan Certifica | Pakistan targets 4% GDP growth in FY27 Pakistan has set a GDP growth target of 4% for fiscal year 2026-27, banking on a recovery across agriculture, i",Bullish,PKR 287.68,PKR 264.67 - 276.17,PKR 230.14 (-20.0%),PKR 373.98 (+30.0%),PKR 517.82 (+80.0%),+30.0%,+80.0%,1 : 4.0,Allocate 8.0% of portfolio to this trade (risk 1% max = Entry-Stop x Shares),Annually,52.6
OGDC,swing,58.6,60,62,-3,LIVE,yfinance(OGDC.KA),WATCH,ROE 11.3% (fair) | D/E 14 (low leverage) | P/E 8.2 (value),"Oil industry opposes windfall tax in upcoming budget | Govt mulls scrapping export tax in budget | Solar panels, fertilizers may escape tax hike in upcoming budget The federal government is reportedly planning a series of tax relief measures in the ",Bullish,PKR 320.33,PKR 317.13 - 323.53,PKR 306.51 (-4.3%),PKR 331.85 (+3.6%),PKR 339.53 (+6.0%),+3.6%,+6.0%,1 : 1.39,Allocate 2.0% of portfolio to this trade (risk 1% max = Entry-Stop x Shares),Weekly,50.9
HCAR,very_long_term,58.6,85,52,0,LIVE,yfinance(HCAR.KA),HOLD,ROE 13.2% (fair) | D/E 9 (low leverage) | P/E 11.7 (value),,Bullish,PKR 265.21,PKR 196.72 - 254.60,PKR 212.17 (-20.0%),PKR 344.77 (+30.0%),PKR 477.38 (+80.0%),+30.0%,+80.0%,1 : 4.0,Allocate 8.0% of portfolio to this trade (risk 1% max = Entry-Stop x Shares),Annually,74.4
ATRL,swing,58.5,60,55,0,LIVE,yfinance(ATRL.KA),WATCH,ROE 11.9% (fair) | D/E 0 (low leverage) | P/E 4.8 (deep value),,Bullish,PKR 883.39,PKR 874.56 - 892.22,PKR 844.64 (-4.4%),PKR 915.68 (+3.7%),PKR 937.22 (+6.1%),+3.7%,+6.1%,1 : 1.39,Allocate 2.0% of portfolio to this trade (risk 1% max = Entry-Stop x Shares),Weekly,46.8
PSX,long_term,58.4,70,49,1,LIVE,yfinance(PSX.KA),HOLD,ROE 16.7% (good) | P/E 15.1 (fair) | Div yield 4.5% (moderate),"PSX extends gains in post-Eid session | PSX Closing Bell: Bears Have the Final Say The benchmark KSE-100 Index came under significant selling pressure on Monday, closing at 170,600.20, down  | Dadex Eternit to sell Karachi property to AKD for Rs800m Dadex Eternit Limited (PSX:DADX) has entered into an agreement with Mr. Aqeel Karim Dhedhi fo",BEARISH,PKR 37.70,WAIT -- price below SMA-200,N/A,N/A,N/A,N/A,N/A,N/A,0% -- avoid,N/A,
BAFL,long_term,58.4,55,59,1,LIVE,yfinance(BAFL.KA),HOLD,ROE 17.0% (good) | P/E 3.7 (deep value) | Div yield 8.9% (high income),"SBP adds SAR, AED to Naya Pakistan Certificates The State Bank of Pakistan has issued updated rates of return for Conventional Naya Pakistan Certifica | Pakistan targets 4% GDP growth in FY27 Pakistan has set a GDP growth target of 4% for fiscal year 2026-27, banking on a recovery across agriculture, i",BEARISH,PKR 59.03,WAIT -- price below SMA-200,N/A,N/A,N/A,N/A,N/A,N/A,0% -- avoid,N/A,
UPFL,very_long_term,58.4,40,63,0,LIVE,yfinance(UPFL.KA),HOLD,ROE 54.2% (excellent) | D/E 21 (low leverage) | P/E 25.9 (expensive),,BEARISH,"PKR 25,999.99",WAIT -- price below SMA-200,N/A,N/A,N/A,N/A,N/A,N/A,0% -- avoid,N/A,
ILP,long_term,58.2,60,57,0,LIVE,yfinance(ILP.KA),HOLD,ROE 20.3% (excellent) | D/E 65 (moderate) | P/E 9.5 (value),,Bullish,PKR 81.31,PKR 78.87 - 80.50,PKR 71.55 (-12.0%),PKR 97.57 (+20.0%),PKR 113.83 (+40.0%),+20.0%,+40.0%,1 : 3.33,Allocate 5.0% of portfolio to this trade (risk 1% max = Entry-Stop x Shares),Quarterly,48.9
CHCC,swing,58.1,50,77,0,LIVE,yfinance(CHCC.KA),WATCH,ROE 21.4% (excellent) | D/E 22 (low leverage) | P/E 7.3 (deep value),,Bearish,PKR 275.24,PKR 272.49 - 277.99,PKR 256.50 (-6.8%),PKR 290.86 (+5.7%),PKR 301.26 (+9.5%),+5.7%,+9.5%,1 : 1.39,Allocate 2.0% of portfolio to this trade (risk 1% max = Entry-Stop x Shares),Weekly,48.1
POWER,very_long_term,58.0,90,50,0,LIVE,yfinance(POWER.KA),HOLD,ROE 12.7% (fair) | D/E 35 (low leverage) | P/E 9.0 (value),"Top EU diplomat says Pakistan a major regional power, ‘important partner’ | Seven years on, Bajaur solar power  project still incomplete | 'No sufficient outcome' yet of talks to secure discounts from Chinese power producers: Leghari",Bullish,PKR 20.46,PKR 18.78 - 19.64,PKR 16.37 (-20.0%),PKR 26.60 (+30.0%),PKR 36.83 (+80.0%),+30.0%,+80.0%,1 : 4.0,Allocate 8.0% of portfolio to this trade (risk 1% max = Entry-Stop x Shares),Annually,57.2
MTL,long_term,58.0,25,80,0,LIVE,yfinance(MTL.KA),HOLD,ROE 97.4% (excellent) | D/E 29 (low leverage) | P/E 15.7 (fair),,BEARISH,PKR 284.79,WAIT -- price below SMA-200,N/A,N/A,N/A,N/A,N/A,N/A,0% -- avoid,N/A,
INIL,long_term,58.0,85,40,0,LIVE,yfinance(INIL.KA),HOLD,ROE 6.1% (weak) | D/E 7 (low leverage) | P/E 14.5 (fair),,BEARISH,PKR 161.61,WAIT -- price below SMA-200,N/A,N/A,N/A,N/A,N/A,N/A,0% -- avoid,N/A,
PIOC,very_long_term,57.8,65,56,0,LIVE,yfinance(PIOC.KA),HOLD,ROE 11.5% (fair) | D/E 50 (low leverage) | P/E 10.8 (value),,BEARISH,PKR 262.28,WAIT -- price below SMA-200,N/A,N/A,N/A,N/A,N/A,N/A,0% -- avoid,N/A,
PAEL,long_term,57.6,75,46,0,LIVE,yfinance(PAEL.KA),HOLD,ROE 8.6% (weak) | D/E 18 (low leverage) | P/E 11.1 (value),,BEARISH,PKR 40.42,WAIT -- price below SMA-200,N/A,N/A,N/A,N/A,N/A,N/A,0% -- avoid,N/A,
ILP,very_long_term,57.6,60,57,0,LIVE,yfinance(ILP.KA),HOLD,ROE 20.3% (excellent) | D/E 65 (moderate) | P/E 9.5 (value),,Bullish,PKR 81.31,PKR 74.81 - 78.06,PKR 65.05 (-20.0%),PKR 105.70 (+30.0%),PKR 146.36 (+80.0%),+30.0%,+80.0%,1 : 4.0,Allocate 8.0% of portfolio to this trade (risk 1% max = Entry-Stop x Shares),Annually,48.9
MCB,very_long_term,57.6,75,52,1,LIVE,yfinance(MCB.KA),HOLD,ROE 18.7% (good) | P/E 9.1 (value) | Div yield 8.8% (high income),"SBP adds SAR, AED to Naya Pakistan Certificates The State Bank of Pakistan has issued updated rates of return for Conventional Naya Pakistan Certifica | Pakistan targets 4% GDP growth in FY27 Pakistan has set a GDP growth target of 4% for fiscal year 2026-27, banking on a recovery across agriculture, i",Bullish,PKR 407.38,PKR 374.79 - 391.08,PKR 325.90 (-20.0%),PKR 529.59 (+30.0%),PKR 733.28 (+80.0%),+30.0%,+80.0%,1 : 4.0,Allocate 8.0% of portfolio to this trade (risk 1% max = Entry-Stop x Shares),Annually,55.3
BWCL,swing,57.5,50,75,0,LIVE,yfinance(BWCL.KA),WATCH,ROE 25.3% (excellent) | D/E 67 (moderate) | P/E 10.8 (value),,Bearish,PKR 439.02,PKR 434.63 - 443.41,PKR 420.79 (-4.2%),PKR 454.21 (+3.5%),PKR 464.34 (+5.8%),+3.5%,+5.8%,1 : 1.39,Allocate 2.0% of portfolio to this trade (risk 1% max = Entry-Stop x Shares),Weekly,38.9
BOP,swing,57.3,60,51,0,LIVE,yfinance(BOP.KA),WATCH,ROE 20.2% (excellent) | P/E 5.9 (deep value) | Div yield 7.3% (solid),,Bullish,PKR 34.00,PKR 33.66 - 34.34,PKR 32.04 (-5.8%),PKR 35.63 (+4.8%),PKR 36.73 (+8.0%),+4.8%,+8.0%,1 : 1.39,Allocate 2.0% of portfolio to this trade (risk 1% max = Entry-Stop x Shares),Weekly,50.7
BAFL,swing,57.2,55,59,1,LIVE,yfinance(BAFL.KA),WATCH,ROE 17.0% (good) | P/E 3.7 (deep value) | Div yield 8.9% (high income),"SBP adds SAR, AED to Naya Pakistan Certificates The State Bank of Pakistan has issued updated rates of return for Conventional Naya Pakistan Certifica | Pakistan targets 4% GDP growth in FY27 Pakistan has set a GDP growth target of 4% for fiscal year 2026-27, banking on a recovery across agriculture, i",Bearish,PKR 59.03,PKR 58.44 - 59.62,PKR 55.65 (-5.7%),PKR 61.85 (+4.8%),PKR 63.73 (+8.0%),+4.8%,+8.0%,1 : 1.39,Allocate 2.0% of portfolio to this trade (risk 1% max = Entry-Stop x Shares),Weekly,38.5
LOTCHEM,very_long_term,57.2,90,49,0,LIVE,yfinance(LOTCHEM.KA),HOLD,ROE 9.5% (weak) | D/E 23 (low leverage) | P/E 22.4 (slightly rich),,Bullish,PKR 28.41,PKR 26.14 - 27.27,PKR 22.73 (-20.0%),PKR 36.93 (+30.0%),PKR 51.14 (+80.0%),+30.0%,+80.0%,1 : 4.0,Allocate 8.0% of portfolio to this trade (risk 1% max = Entry-Stop x Shares),Annually,60.3
ATRL,long_term,57.0,60,55,0,LIVE,yfinance(ATRL.KA),HOLD,ROE 11.9% (fair) | D/E 0 (low leverage) | P/E 4.8 (deep value),,Bullish,PKR 883.39,PKR 856.89 - 874.56,PKR 777.38 (-12.0%),"PKR 1,060.07 (+20.0%)","PKR 1,236.75 (+40.0%)",+20.0%,+40.0%,1 : 3.33,Allocate 5.0% of portfolio to this trade (risk 1% max = Entry-Stop x Shares),Quarterly,46.8
PGLC,very_long_term,57.0,45,60,0,LIVE,yfinance(PGLC.KA),HOLD,ROE 27.4% (excellent) | P/E 10.2 (value) | Div yield 28.7% (high income),,BEARISH,PKR 13.77,WAIT -- price below SMA-200,N/A,N/A,N/A,N/A,N/A,N/A,0% -- avoid,N/A,
HUMNL,long_term,56.8,70,48,0,LIVE,yfinance(HUMNL.KA),HOLD,ROE 0.9% (weak) | D/E 1 (low leverage) | P/E 9.2 (value),,BEARISH,PKR 11.00,WAIT -- price below SMA-200,N/A,N/A,N/A,N/A,N/A,N/A,0% -- avoid,N/A,
ABOT,swing,56.6,50,72,0,LIVE,yfinance(ABOT.KA),WATCH,ROE 28.6% (excellent) | D/E 5 (low leverage) | P/E 10.4 (value),,Bearish,PKR 884.95,PKR 876.10 - 893.80,PKR 849.99 (-4.0%),PKR 914.08 (+3.3%),PKR 933.50 (+5.5%),+3.3%,+5.5%,1 : 1.39,Allocate 2.0% of portfolio to this trade (risk 1% max = Entry-Stop x Shares),Weekly,48.6
NATF,very_long_term,56.6,55,57,0,LIVE,yfinance(NATF.KA),HOLD,ROE 24.8% (excellent) | D/E 77 (moderate) | P/E 15.4 (fair),,BEARISH,PKR 364.25,WAIT -- price below SMA-200,N/A,N/A,N/A,N/A,N/A,N/A,0% -- avoid,N/A,
MLCF,very_long_term,56.6,75,52,0,LIVE,yfinance(MLCF.KA),HOLD,ROE 15.9% (good) | D/E 138 (high) | P/E 8.4 (value),,BEARISH,PKR 88.02,WAIT -- price below SMA-200,N/A,N/A,N/A,N/A,N/A,N/A,0% -- avoid,N/A,
ABL,very_long_term,56.4,85,48,1,LIVE,yfinance(ABL.KA),HOLD,ROE 14.7% (fair) | P/E 5.9 (deep value) | Div yield 8.9% (high income),"Meta plans AI pendant, 'wearables for work' in hardware boost: report | SBP adds SAR, AED to Naya Pakistan Certificates The State Bank of Pakistan has issued updated rates of return for Conventional Naya Pakistan Certifica | Pakistan targets 4% GDP growth in FY27 Pakistan has set a GDP growth target of 4% for fiscal year 2026-27, banking on a recovery across agriculture, i",Bullish,PKR 180.11,PKR 165.70 - 172.91,PKR 144.09 (-20.0%),PKR 234.14 (+30.0%),PKR 324.20 (+80.0%),+30.0%,+80.0%,1 : 4.0,Allocate 8.0% of portfolio to this trade (risk 1% max = Entry-Stop x Shares),Annually,53.1
HALEON,swing,56.3,50,71,0,LIVE,yfinance(HALEON.KA),WATCH,ROE 50.1% (excellent) | D/E 7 (low leverage) | P/E 13.6 (fair),,Bearish,PKR 759.92,PKR 752.32 - 767.52,PKR 714.90 (-5.9%),PKR 797.43 (+4.9%),PKR 822.44 (+8.2%),+4.9%,+8.2%,1 : 1.39,Allocate 2.0% of portfolio to this trade (risk 1% max = Entry-Stop x Shares),Weekly,49.9
NATF,long_term,56.2,55,57,0,LIVE,yfinance(NATF.KA),HOLD,ROE 24.8% (excellent) | D/E 77 (moderate) | P/E 15.4 (fair),,BEARISH,PKR 364.25,WAIT -- price below SMA-200,N/A,N/A,N/A,N/A,N/A,N/A,0% -- avoid,N/A,
ATRL,very_long_term,56.0,60,55,0,LIVE,yfinance(ATRL.KA),HOLD,ROE 11.9% (fair) | D/E 0 (low leverage) | P/E 4.8 (deep value),,Bullish,PKR 883.39,PKR 812.72 - 848.05,PKR 706.71 (-20.0%),"PKR 1,148.41 (+30.0%)","PKR 1,590.10 (+80.0%)",+30.0%,+80.0%,1 : 4.0,Allocate 8.0% of portfolio to this trade (risk 1% max = Entry-Stop x Shares),Annually,46.8
SHFA,long_term,55.8,45,63,0,LIVE,yfinance(SHFA.KA),HOLD,ROE 16.9% (good) | D/E 13 (low leverage) | P/E 11.3 (value),,BEARISH,PKR 474.80,WAIT -- price below SMA-200,N/A,N/A,N/A,N/A,N/A,N/A,0% -- avoid,N/A,
PSO,very_long_term,55.6,40,62,-3,LIVE,yfinance(PSO.KA),HOLD,ROE 15.9% (good) | D/E 12 (low leverage) | P/E 3.7 (deep value),"Oil industry opposes windfall tax in upcoming budget | Govt mulls scrapping export tax in budget | Solar panels, fertilizers may escape tax hike in upcoming budget The federal government is reportedly planning a series of tax relief measures in the ",BEARISH,PKR 348.21,WAIT -- price below SMA-200,N/A,N/A,N/A,N/A,N/A,N/A,0% -- avoid,N/A,
NATF,swing,55.6,55,57,0,LIVE,yfinance(NATF.KA),WATCH,ROE 24.8% (excellent) | D/E 77 (moderate) | P/E 15.4 (fair),,Bearish,PKR 364.25,PKR 360.61 - 367.89,PKR 349.44 (-4.1%),PKR 376.60 (+3.4%),PKR 384.82 (+5.6%),+3.4%,+5.6%,1 : 1.39,Allocate 2.0% of portfolio to this trade (risk 1% max = Entry-Stop x Shares),Weekly,42.4
PAKT,swing,55.5,45,80,0,LIVE,yfinance(PAKT.KA),WATCH,ROE 66.3% (excellent) | D/E 11 (low leverage) | P/E 10.4 (value),,Bearish,"PKR 1,342.74","PKR 1,329.31 - 1,356.17","PKR 1,289.53 (-4.0%)","PKR 1,387.08 (+3.3%)","PKR 1,416.64 (+5.5%)",+3.3%,+5.5%,1 : 1.39,Allocate 2.0% of portfolio to this trade (risk 1% max = Entry-Stop x Shares),Weekly,49.0
CNERGY,swing,55.5,60,45,0,LIVE,yfinance(CNERGY.KA),WATCH,ROE 7.0% (weak) | D/E 33 (low leverage) | P/E 2.9 (deep value),,Bullish,PKR 8.37,PKR 8.29 - 8.45,PKR 7.88 (-5.9%),PKR 8.77 (+4.8%),PKR 9.04 (+8.0%),+4.8%,+8.0%,1 : 1.37,Allocate 2.0% of portfolio to this trade (risk 1% max = Entry-Stop x Shares),Weekly,51.2
ENGROH,very_long_term,55.0,55,55,0,LIVE,yfinance(DAWH.KA) [alias for ENGROH],HOLD,ROE 34.2% (excellent) | P/E 5.0 (deep value) | Net margin 46.1% (excellent),,Bullish,PKR 263.74,PKR 242.64 - 253.19,PKR 210.99 (-20.0%),PKR 342.86 (+30.0%),PKR 474.73 (+80.0%),+30.0%,+80.0%,1 : 4.0,Allocate 8.0% of portfolio to this trade (risk 1% max = Entry-Stop x Shares),Annually,45.2
ENGROH,long_term,55.0,55,55,0,LIVE,yfinance(DAWH.KA) [alias for ENGROH],HOLD,ROE 34.2% (excellent) | P/E 5.0 (deep value) | Net margin 46.1% (excellent),,Bullish,PKR 263.74,PKR 255.83 - 261.10,PKR 232.09 (-12.0%),PKR 316.49 (+20.0%),PKR 369.24 (+40.0%),+20.0%,+40.0%,1 : 3.33,Allocate 5.0% of portfolio to this trade (risk 1% max = Entry-Stop x Shares),Quarterly,45.2
ENGROH,swing,55.0,55,55,0,LIVE,yfinance(DAWH.KA) [alias for ENGROH],WATCH,ROE 34.2% (excellent) | P/E 5.0 (deep value) | Net margin 46.1% (excellent),,Bullish,PKR 263.74,PKR 261.10 - 266.38,PKR 249.18 (-5.5%),PKR 275.88 (+4.6%),PKR 283.97 (+7.7%),+4.6%,+7.7%,1 : 1.39,Allocate 2.0% of portfolio to this trade (risk 1% max = Entry-Stop x Shares),Weekly,45.2
DCR,swing,54.8,65,31,0,LIVE,yfinance(DCR.KA),WATCH,ROE 6.7% (weak) | P/E 15.6 (fair) | Div yield 6.2% (solid),,Bullish,PKR 36.03,PKR 35.67 - 36.39,PKR 35.06 (-2.7%),PKR 36.84 (+2.2%),PKR 37.38 (+3.7%),+2.2%,+3.7%,1 : 1.39,Allocate 2.0% of portfolio to this trade (risk 1% max = Entry-Stop x Shares),Weekly,51.3
ISL,very_long_term,54.8,50,56,0,LIVE,yfinance(ISL.KA),HOLD,ROE 12.5% (fair) | D/E 7 (low leverage) | P/E 11.8 (value),,BEARISH,PKR 77.46,WAIT -- price below SMA-200,N/A,N/A,N/A,N/A,N/A,N/A,0% -- avoid,N/A,
BOP,long_term,54.6,60,51,0,LIVE,yfinance(BOP.KA),HOLD,ROE 20.2% (excellent) | P/E 5.9 (deep value) | Div yield 7.3% (solid),,Bullish,PKR 34.00,PKR 32.98 - 33.66,PKR 29.92 (-12.0%),PKR 40.80 (+20.0%),PKR 47.60 (+40.0%),+20.0%,+40.0%,1 : 3.33,Allocate 5.0% of portfolio to this trade (risk 1% max = Entry-Stop x Shares),Quarterly,50.7
JVDC,swing,54.6,60,42,0,LIVE,yfinance(JVDC.KA),WATCH,ROE 15.2% (good) | P/E 12.7 (fair) | Div yield 3.8% (moderate),,Bullish,PKR 132.47,PKR 131.15 - 133.79,PKR 124.08 (-6.3%),PKR 139.46 (+5.3%),PKR 144.12 (+8.8%),+5.3%,+8.8%,1 : 1.39,Allocate 2.0% of portfolio to this trade (risk 1% max = Entry-Stop x Shares),Weekly,51.9
AKBL,very_long_term,54.6,85,47,0,LIVE,yfinance(AKBL.KA),HOLD,ROE 17.0% (good) | P/E 6.5 (deep value) | Div yield 5.0% (solid),,Bullish,PKR 99.77,PKR 90.64 - 95.78,PKR 79.82 (-20.0%),PKR 129.70 (+30.0%),PKR 179.59 (+80.0%),+30.0%,+80.0%,1 : 4.0,Allocate 8.0% of portfolio to this trade (risk 1% max = Entry-Stop x Shares),Annually,65.5
PSX,very_long_term,54.2,70,49,1,LIVE,yfinance(PSX.KA),HOLD,ROE 16.7% (good) | P/E 15.1 (fair) | Div yield 4.5% (moderate),"PSX extends gains in post-Eid session | PSX Closing Bell: Bears Have the Final Say The benchmark KSE-100 Index came under significant selling pressure on Monday, closing at 170,600.20, down  | Dadex Eternit to sell Karachi property to AKD for Rs800m Dadex Eternit Limited (PSX:DADX) has entered into an agreement with Mr. Aqeel Karim Dhedhi fo",BEARISH,PKR 37.70,WAIT -- price below SMA-200,N/A,N/A,N/A,N/A,N/A,N/A,0% -- avoid,N/A,
SRVI,very_long_term,54.2,75,49,0,LIVE,yfinance(SRVI.KA),HOLD,ROE 49.8% (excellent) | D/E 52 (moderate) | P/E 86.2 (expensive),,Bullish,"PKR 2,091.27","PKR 1,673.80 - 2,007.62","PKR 1,673.02 (-20.0%)","PKR 2,718.65 (+30.0%)","PKR 3,764.29 (+80.0%)",+30.0%,+80.0%,1 : 4.0,Allocate 8.0% of portfolio to this trade (risk 1% max = Entry-Stop x Shares),Annually,82.3
PGLC,long_term,54.0,45,60,0,LIVE,yfinance(PGLC.KA),HOLD,ROE 27.4% (excellent) | P/E 10.2 (value) | Div yield 28.7% (high income),,BEARISH,PKR 13.77,WAIT -- price below SMA-200,N/A,N/A,N/A,N/A,N/A,N/A,0% -- avoid,N/A,
UPFL,long_term,53.8,40,63,0,LIVE,yfinance(UPFL.KA),HOLD,ROE 54.2% (excellent) | D/E 21 (low leverage) | P/E 25.9 (expensive),,BEARISH,"PKR 25,999.99",WAIT -- price below SMA-200,N/A,N/A,N/A,N/A,N/A,N/A,0% -- avoid,N/A,
ISL,long_term,53.6,50,56,0,LIVE,yfinance(ISL.KA),HOLD,ROE 12.5% (fair) | D/E 7 (low leverage) | P/E 11.8 (value),,BEARISH,PKR 77.46,WAIT -- price below SMA-200,N/A,N/A,N/A,N/A,N/A,N/A,0% -- avoid,N/A,
CPHL,swing,53.2,55,49,0,LIVE,yfinance(CPHL.KA),WATCH,ROE 13.3% (fair) | D/E 3 (low leverage) | P/E 15.9 (fair),,Bearish,PKR 76.38,PKR 75.62 - 77.14,PKR 72.64 (-4.9%),PKR 79.50 (+4.1%),PKR 81.58 (+6.8%),+4.1%,+6.8%,1 : 1.39,Allocate 2.0% of portfolio to this trade (risk 1% max = Entry-Stop x Shares),Weekly,44.8
GADT,long_term,53.0,65,45,0,LIVE,yfinance(GADT.KA),HOLD,ROE 5.1% (weak) | D/E 23 (low leverage) | P/E 7.0 (deep value),,BEARISH,PKR 304.91,WAIT -- price below SMA-200,N/A,N/A,N/A,N/A,N/A,N/A,0% -- avoid,N/A,
FFL,long_term,52.8,75,38,0,LIVE,yfinance(FFL.KA),HOLD,ROE 10.8% (fair) | D/E 3 (low leverage) | P/E 38.0 (expensive),,BEARISH,PKR 18.23,WAIT -- price below SMA-200,N/A,N/A,N/A,N/A,N/A,N/A,0% -- avoid,N/A,
PIBTL,very_long_term,52.8,80,46,0,LIVE,yfinance(PIBTL.KA),HOLD,ROE 11.8% (fair) | D/E 17 (low leverage) | P/E 13.8 (fair),,Bullish,PKR 16.69,PKR 15.35 - 16.02,PKR 13.35 (-20.0%),PKR 21.70 (+30.0%),PKR 30.04 (+80.0%),+30.0%,+80.0%,1 : 4.0,Allocate 8.0% of portfolio to this trade (risk 1% max = Entry-Stop x Shares),Annually,53.1
BOP,very_long_term,52.8,60,51,0,LIVE,yfinance(BOP.KA),HOLD,ROE 20.2% (excellent) | P/E 5.9 (deep value) | Div yield 7.3% (solid),,Bullish,PKR 34.00,PKR 31.28 - 32.64,PKR 27.20 (-20.0%),PKR 44.20 (+30.0%),PKR 61.20 (+80.0%),+30.0%,+80.0%,1 : 4.0,Allocate 8.0% of portfolio to this trade (risk 1% max = Entry-Stop x Shares),Annually,50.7
HUMNL,very_long_term,52.4,70,48,0,LIVE,yfinance(HUMNL.KA),HOLD,ROE 0.9% (weak) | D/E 1 (low leverage) | P/E 9.2 (value),,BEARISH,PKR 11.00,WAIT -- price below SMA-200,N/A,N/A,N/A,N/A,N/A,N/A,0% -- avoid,N/A,
SSOM,long_term,52.2,30,67,0,LIVE,yfinance(SSOM.KA),HOLD,ROE 29.6% (excellent) | D/E 8 (low leverage) | P/E 4.9 (deep value),,BEARISH,PKR 413.47,WAIT -- price below SMA-200,N/A,N/A,N/A,N/A,N/A,N/A,0% -- avoid,N/A,
IBFL,very_long_term,52.0,80,45,0,LIVE,yfinance(IBFL.KA),HOLD,ROE -0.8% (weak) | D/E 24 (low leverage) | P/E 1.0 (deep value),,BEARISH,PKR 231.01,WAIT -- price below SMA-200,N/A,N/A,N/A,N/A,N/A,N/A,0% -- avoid,N/A,
PAEL,very_long_term,51.8,75,46,0,LIVE,yfinance(PAEL.KA),AVOID,ROE 8.6% (weak) | D/E 18 (low leverage) | P/E 11.1 (value),,BEARISH,PKR 40.42,WAIT -- price below SMA-200,N/A,N/A,N/A,N/A,N/A,N/A,0% -- avoid,N/A,
ISL,swing,51.8,50,56,0,LIVE,yfinance(ISL.KA),AVOID,ROE 12.5% (fair) | D/E 7 (low leverage) | P/E 11.8 (value),,Bearish,PKR 77.46,PKR 76.69 - 78.23,PKR 73.32 (-5.3%),PKR 80.91 (+4.5%),PKR 83.21 (+7.4%),+4.5%,+7.4%,1 : 1.39,Allocate 2.0% of portfolio to this trade (risk 1% max = Entry-Stop x Shares),Weekly,48.0
CPHL,long_term,51.4,55,49,0,LIVE,yfinance(CPHL.KA),AVOID,ROE 13.3% (fair) | D/E 3 (low leverage) | P/E 15.9 (fair),,BEARISH,PKR 76.38,WAIT -- price below SMA-200,N/A,N/A,N/A,N/A,N/A,N/A,0% -- avoid,N/A,
PSO,long_term,51.2,40,62,-3,LIVE,yfinance(PSO.KA),AVOID,ROE 15.9% (good) | D/E 12 (low leverage) | P/E 3.7 (deep value),"Oil industry opposes windfall tax in upcoming budget | Govt mulls scrapping export tax in budget | Solar panels, fertilizers may escape tax hike in upcoming budget The federal government is reportedly planning a series of tax relief measures in the ",BEARISH,PKR 348.21,WAIT -- price below SMA-200,N/A,N/A,N/A,N/A,N/A,N/A,0% -- avoid,N/A,
CNERGY,long_term,51.0,60,45,0,LIVE,yfinance(CNERGY.KA),AVOID,ROE 7.0% (weak) | D/E 33 (low leverage) | P/E 2.9 (deep value),,Bullish,PKR 8.37,PKR 8.12 - 8.29,PKR 7.37 (-11.9%),PKR 10.04 (+20.0%),PKR 11.72 (+40.0%),+20.0%,+40.0%,1 : 3.35,Allocate 5.0% of portfolio to this trade (risk 1% max = Entry-Stop x Shares),Quarterly,51.2
SHFA,swing,50.4,45,63,0,LIVE,yfinance(SHFA.KA),AVOID,ROE 16.9% (good) | D/E 13 (low leverage) | P/E 11.3 (value),,Bearish,PKR 474.80,PKR 470.05 - 479.55,PKR 446.92 (-5.9%),PKR 498.04 (+4.9%),PKR 513.52 (+8.2%),+4.9%,+8.2%,1 : 1.39,Allocate 2.0% of portfolio to this trade (risk 1% max = Entry-Stop x Shares),Weekly,45.0
SSGC,long_term,50.2,85,27,0,LIVE,yfinance(SSGC.KA),AVOID,ROE -16.9% (weak) | D/E 1105 (very high leverage) | P/E 1.0 (deep value),,BEARISH,PKR 27.27,WAIT -- price below SMA-200,N/A,N/A,N/A,N/A,N/A,N/A,0% -- avoid,N/A,
CPHL,very_long_term,50.2,55,49,0,LIVE,yfinance(CPHL.KA),AVOID,ROE 13.3% (fair) | D/E 3 (low leverage) | P/E 15.9 (fair),,BEARISH,PKR 76.38,WAIT -- price below SMA-200,N/A,N/A,N/A,N/A,N/A,N/A,0% -- avoid,N/A,
LCI,swing,50.2,40,74,0,LIVE,yfinance(LCI.KA),AVOID,ROE 17.3% (good) | D/E 30 (low leverage) | P/E 1.0 (deep value),,Bearish,PKR 225.62,PKR 223.36 - 227.88,PKR 216.42 (-4.1%),PKR 233.28 (+3.4%),PKR 238.40 (+5.7%),+3.4%,+5.7%,1 : 1.39,Allocate 2.0% of portfolio to this trade (risk 1% max = Entry-Stop x Shares),Weekly,43.5
NML,swing,49.6,55,37,0,LIVE,yfinance(NML.KA),AVOID,ROE 7.4% (weak) | D/E 20 (low leverage) | P/E 9.8 (value),"Idrees Textile shifts to value-added products Idrees Textile Mills Limited is charting a new course. The Company's Board of Directors, convening on Ju | Idrees Textile shifts to value-added products",Bearish,PKR 141.19,PKR 139.78 - 142.60,PKR 132.46 (-6.2%),PKR 148.47 (+5.2%),PKR 153.31 (+8.6%),+5.2%,+8.6%,1 : 1.39,Allocate 2.0% of portfolio to this trade (risk 1% max = Entry-Stop x Shares),Weekly,44.2
PGLC,swing,49.5,45,60,0,LIVE,yfinance(PGLC.KA),AVOID,ROE 27.4% (excellent) | P/E 10.2 (value) | Div yield 28.7% (high income),,Bearish,PKR 13.77,PKR 13.63 - 13.91,PKR 11.88 (-13.7%),PKR 15.34 (+11.4%),PKR 16.39 (+19.0%),+11.4%,+19.0%,1 : 1.39,Allocate 2.0% of portfolio to this trade (risk 1% max = Entry-Stop x Shares),Weekly,48.1
JVDC,long_term,49.2,60,42,0,LIVE,yfinance(JVDC.KA),AVOID,ROE 15.2% (good) | P/E 12.7 (fair) | Div yield 3.8% (moderate),,Bullish,PKR 132.47,PKR 128.50 - 131.15,PKR 116.57 (-12.0%),PKR 158.96 (+20.0%),PKR 185.46 (+40.0%),+20.0%,+40.0%,1 : 3.33,Allocate 5.0% of portfolio to this trade (risk 1% max = Entry-Stop x Shares),Quarterly,51.9
GADT,very_long_term,49.0,65,45,0,LIVE,yfinance(GADT.KA),AVOID,ROE 5.1% (weak) | D/E 23 (low leverage) | P/E 7.0 (deep value),,BEARISH,PKR 304.91,WAIT -- price below SMA-200,N/A,N/A,N/A,N/A,N/A,N/A,0% -- avoid,N/A,
AICL,very_long_term,49.0,45,50,0,LIVE,yfinance(AICL.KA),AVOID,ROE 11.0% (fair) | P/E 5.7 (deep value) | Div yield 5.4% (solid),,BEARISH,PKR 73.99,WAIT -- price below SMA-200,N/A,N/A,N/A,N/A,N/A,N/A,0% -- avoid,N/A,
INIL,very_long_term,49.0,85,40,0,LIVE,yfinance(INIL.KA),AVOID,ROE 6.1% (weak) | D/E 7 (low leverage) | P/E 14.5 (fair),,BEARISH,PKR 161.61,WAIT -- price below SMA-200,N/A,N/A,N/A,N/A,N/A,N/A,0% -- avoid,N/A,
BNWM,very_long_term,48.2,45,49,0,LIVE,yfinance(BNWM.KA),AVOID,ROE -2.8% (weak) | D/E 8 (low leverage) | P/E 1.0 (deep value),,BEARISH,PKR 63.16,WAIT -- price below SMA-200,N/A,N/A,N/A,N/A,N/A,N/A,0% -- avoid,N/A,
AICL,long_term,48.0,45,50,0,LIVE,yfinance(AICL.KA),AVOID,ROE 11.0% (fair) | P/E 5.7 (deep value) | Div yield 5.4% (solid),,BEARISH,PKR 73.99,WAIT -- price below SMA-200,N/A,N/A,N/A,N/A,N/A,N/A,0% -- avoid,N/A,
PKGS,very_long_term,48.0,100,35,0,LIVE,yfinance(PKGS.KA),AVOID,ROE -1.2% (weak) | D/E 92 (moderate) | P/E 26.2 (expensive),,Bullish,PKR 754.73,PKR 694.35 - 724.54,PKR 603.78 (-20.0%),PKR 981.15 (+30.0%),"PKR 1,358.51 (+80.0%)",+30.0%,+80.0%,1 : 4.0,Allocate 8.0% of portfolio to this trade (risk 1% max = Entry-Stop x Shares),Annually,57.6
CNERGY,very_long_term,48.0,60,45,0,LIVE,yfinance(CNERGY.KA),AVOID,ROE 7.0% (weak) | D/E 33 (low leverage) | P/E 2.9 (deep value),,Bullish,PKR 8.37,PKR 7.70 - 8.04,PKR 6.70 (-20.0%),PKR 10.88 (+30.0%),PKR 15.07 (+80.0%),+30.0%,+80.0%,1 : 4.01,Allocate 8.0% of portfolio to this trade (risk 1% max = Entry-Stop x Shares),Annually,51.2
PSEL,swing,47.5,55,30,0,LIVE,yfinance(PSEL.KA),AVOID,ROE 6.0% (weak) | D/E 3 (low leverage) | P/E 40.6 (expensive),,Bearish,PKR 853.79,PKR 845.25 - 862.33,PKR 802.35 (-6.0%),PKR 896.66 (+5.0%),PKR 925.24 (+8.4%),+5.0%,+8.4%,1 : 1.39,Allocate 2.0% of portfolio to this trade (risk 1% max = Entry-Stop x Shares),Weekly,49.6
BNWM,long_term,47.4,45,49,0,LIVE,yfinance(BNWM.KA),AVOID,ROE -2.8% (weak) | D/E 8 (low leverage) | P/E 1.0 (deep value),,BEARISH,PKR 63.16,WAIT -- price below SMA-200,N/A,N/A,N/A,N/A,N/A,N/A,0% -- avoid,N/A,
UPFL,swing,46.9,40,63,0,LIVE,yfinance(UPFL.KA),AVOID,ROE 54.2% (excellent) | D/E 21 (low leverage) | P/E 25.9 (expensive),,Bearish,"PKR 25,999.99","PKR 25,739.99 - 26,259.99","PKR 25,165.85 (-3.2%)","PKR 26,695.11 (+2.7%)","PKR 27,158.52 (+4.5%)",+2.7%,+4.5%,1 : 1.39,Allocate 2.0% of portfolio to this trade (risk 1% max = Entry-Stop x Shares),Weekly,50.9
AICL,swing,46.5,45,50,0,LIVE,yfinance(AICL.KA),AVOID,ROE 11.0% (fair) | P/E 5.7 (deep value) | Div yield 5.4% (solid),,Bearish,PKR 73.99,PKR 73.25 - 74.73,PKR 68.75 (-7.1%),PKR 78.35 (+5.9%),PKR 81.27 (+9.8%),+5.9%,+9.8%,1 : 1.39,Allocate 2.0% of portfolio to this trade (risk 1% max = Entry-Stop x Shares),Weekly,44.5
KEL,swing,46.5,60,15,0,LIVE,yfinance(KEL.KA),AVOID,ROE 3.2% (weak) | D/E 196 (high) | P/E 818.0 (expensive),"Top EU diplomat says Pakistan a major regional power, ‘important partner’ | Seven years on, Bajaur solar power  project still incomplete | 'No sufficient outcome' yet of talks to secure discounts from Chinese power producers: Leghari",Bullish,PKR 8.18,PKR 8.10 - 8.26,PKR 7.69 (-6.0%),PKR 8.58 (+4.9%),PKR 8.86 (+8.3%),+4.9%,+8.3%,1 : 1.39,Allocate 2.0% of portfolio to this trade (risk 1% max = Entry-Stop x Shares),Weekly,50.6
BNWM,swing,46.2,45,49,0,LIVE,yfinance(BNWM.KA),AVOID,ROE -2.8% (weak) | D/E 8 (low leverage) | P/E 1.0 (deep value),,Bearish,PKR 63.16,PKR 62.53 - 63.79,PKR 58.37 (-7.6%),PKR 67.15 (+6.3%),PKR 69.81 (+10.5%),+6.3%,+10.5%,1 : 1.39,Allocate 2.0% of portfolio to this trade (risk 1% max = Entry-Stop x Shares),Weekly,46.6
SNGP,very_long_term,45.8,45,46,0,LIVE,yfinance(SNGP.KA),AVOID,ROE 19.4% (good) | D/E 292 (very high leverage) | P/E 4.3 (deep value),,BEARISH,PKR 98.17,WAIT -- price below SMA-200,N/A,N/A,N/A,N/A,N/A,N/A,0% -- avoid,N/A,
JVDC,very_long_term,45.6,60,42,0,LIVE,yfinance(JVDC.KA),AVOID,ROE 15.2% (good) | P/E 12.7 (fair) | Div yield 3.8% (moderate),,Bullish,PKR 132.47,PKR 121.87 - 127.17,PKR 105.98 (-20.0%),PKR 172.21 (+30.0%),PKR 238.45 (+80.0%),+30.0%,+80.0%,1 : 4.0,Allocate 8.0% of portfolio to this trade (risk 1% max = Entry-Stop x Shares),Annually,51.9
SNGP,long_term,45.6,45,46,0,LIVE,yfinance(SNGP.KA),AVOID,ROE 19.4% (good) | D/E 292 (very high leverage) | P/E 4.3 (deep value),,BEARISH,PKR 98.17,WAIT -- price below SMA-200,N/A,N/A,N/A,N/A,N/A,N/A,0% -- avoid,N/A,
FFL,very_long_term,45.4,75,38,0,LIVE,yfinance(FFL.KA),AVOID,ROE 10.8% (fair) | D/E 3 (low leverage) | P/E 38.0 (expensive),,BEARISH,PKR 18.23,WAIT -- price below SMA-200,N/A,N/A,N/A,N/A,N/A,N/A,0% -- avoid,N/A,
SNGP,swing,45.3,45,46,0,LIVE,yfinance(SNGP.KA),AVOID,ROE 19.4% (good) | D/E 292 (very high leverage) | P/E 4.3 (deep value),,Bearish,PKR 98.17,PKR 97.19 - 99.15,PKR 93.42 (-4.8%),PKR 102.13 (+4.0%),PKR 104.77 (+6.7%),+4.0%,+6.7%,1 : 1.39,Allocate 2.0% of portfolio to this trade (risk 1% max = Entry-Stop x Shares),Weekly,45.3
PSO,swing,44.6,40,62,-3,LIVE,yfinance(PSO.KA),AVOID,ROE 15.9% (good) | D/E 12 (low leverage) | P/E 3.7 (deep value),"Oil industry opposes windfall tax in upcoming budget | Govt mulls scrapping export tax in budget | Solar panels, fertilizers may escape tax hike in upcoming budget The federal government is reportedly planning a series of tax relief measures in the ",Bearish,PKR 348.21,PKR 344.73 - 351.69,PKR 334.21 (-4.0%),PKR 359.88 (+3.4%),PKR 367.66 (+5.6%),+3.4%,+5.6%,1 : 1.39,Allocate 2.0% of portfolio to this trade (risk 1% max = Entry-Stop x Shares),Weekly,41.3
DCR,long_term,44.6,65,31,0,LIVE,yfinance(DCR.KA),AVOID,ROE 6.7% (weak) | P/E 15.6 (fair) | Div yield 6.2% (solid),,Bullish,PKR 36.03,PKR 34.95 - 35.67,PKR 31.71 (-12.0%),PKR 43.24 (+20.0%),PKR 50.44 (+40.0%),+20.0%,+40.0%,1 : 3.34,Allocate 5.0% of portfolio to this trade (risk 1% max = Entry-Stop x Shares),Quarterly,51.3
NML,long_term,44.2,55,37,0,LIVE,yfinance(NML.KA),AVOID,ROE 7.4% (weak) | D/E 20 (low leverage) | P/E 9.8 (value),"Idrees Textile shifts to value-added products Idrees Textile Mills Limited is charting a new course. The Company's Board of Directors, convening on Ju | Idrees Textile shifts to value-added products",BEARISH,PKR 141.19,WAIT -- price below SMA-200,N/A,N/A,N/A,N/A,N/A,N/A,0% -- avoid,N/A,
SEARL,swing,41.7,45,34,0,LIVE,yfinance(SEARL.KA),AVOID,ROE 6.6% (weak) | D/E 1 (low leverage) | P/E 19.5 (slightly rich),,Bearish,PKR 88.71,PKR 87.82 - 89.60,PKR 84.07 (-5.2%),PKR 92.58 (+4.4%),PKR 95.16 (+7.3%),+4.4%,+7.3%,1 : 1.39,Allocate 2.0% of portfolio to this trade (risk 1% max = Entry-Stop x Shares),Weekly,47.8
MTL,swing,41.5,25,80,0,LIVE,yfinance(MTL.KA),AVOID,ROE 97.4% (excellent) | D/E 29 (low leverage) | P/E 15.7 (fair),,Bearish,PKR 284.79,PKR 281.94 - 287.64,PKR 251.15 (-11.8%),PKR 312.83 (+9.8%),PKR 331.52 (+16.4%),+9.8%,+16.4%,1 : 1.39,Allocate 2.0% of portfolio to this trade (risk 1% max = Entry-Stop x Shares),Weekly,18.4
SSOM,swing,41.1,30,67,0,LIVE,yfinance(SSOM.KA),AVOID,ROE 29.6% (excellent) | D/E 8 (low leverage) | P/E 4.9 (deep value),,Bearish,PKR 413.47,PKR 409.34 - 417.60,PKR 389.76 (-5.7%),PKR 433.23 (+4.8%),PKR 446.40 (+8.0%),+4.8%,+8.0%,1 : 1.39,Allocate 2.0% of portfolio to this trade (risk 1% max = Entry-Stop x Shares),Weekly,41.5
MEHT,very_long_term,41.0,25,45,0,LIVE,yfinance(MEHT.KA),AVOID,ROE 6.4% (weak) | D/E 44 (low leverage) | P/E 6.1 (deep value),,BEARISH,PKR 220.00,WAIT -- price below SMA-200,N/A,N/A,N/A,N/A,N/A,N/A,0% -- avoid,N/A,
NML,very_long_term,40.6,55,37,0,LIVE,yfinance(NML.KA),AVOID,ROE 7.4% (weak) | D/E 20 (low leverage) | P/E 9.8 (value),"Idrees Textile shifts to value-added products Idrees Textile Mills Limited is charting a new course. The Company's Board of Directors, convening on Ju | Idrees Textile shifts to value-added products",BEARISH,PKR 141.19,WAIT -- price below SMA-200,N/A,N/A,N/A,N/A,N/A,N/A,0% -- avoid,N/A,
PTC,long_term,40.0,85,10,0,LIVE,yfinance(PTC.KA),AVOID,ROE -7.6% (weak) | D/E 216 (very high leverage) | P/E 282.9 (expensive),,Bullish,PKR 62.25,PKR 56.29 - 61.63,PKR 54.78 (-12.0%),PKR 74.70 (+20.0%),PKR 87.15 (+40.0%),+20.0%,+40.0%,1 : 3.33,Allocate 5.0% of portfolio to this trade (risk 1% max = Entry-Stop x Shares),Quarterly,66.4
PSEL,long_term,40.0,55,30,0,LIVE,yfinance(PSEL.KA),AVOID,ROE 6.0% (weak) | D/E 3 (low leverage) | P/E 40.6 (expensive),,BEARISH,PKR 853.79,WAIT -- price below SMA-200,N/A,N/A,N/A,N/A,N/A,N/A,0% -- avoid,N/A,
SSGC,very_long_term,38.6,85,27,0,LIVE,yfinance(SSGC.KA),AVOID,ROE -16.9% (weak) | D/E 1105 (very high leverage) | P/E 1.0 (deep value),,BEARISH,PKR 27.27,WAIT -- price below SMA-200,N/A,N/A,N/A,N/A,N/A,N/A,0% -- avoid,N/A,
SEARL,long_term,38.4,45,34,0,LIVE,yfinance(SEARL.KA),AVOID,ROE 6.6% (weak) | D/E 1 (low leverage) | P/E 19.5 (slightly rich),,BEARISH,PKR 88.71,WAIT -- price below SMA-200,N/A,N/A,N/A,N/A,N/A,N/A,0% -- avoid,N/A,
DCR,very_long_term,37.8,65,31,0,LIVE,yfinance(DCR.KA),AVOID,ROE 6.7% (weak) | P/E 15.6 (fair) | Div yield 6.2% (solid),,Bullish,PKR 36.03,PKR 33.15 - 34.59,PKR 28.82 (-20.0%),PKR 46.84 (+30.0%),PKR 64.85 (+80.0%),+30.0%,+80.0%,1 : 4.0,Allocate 8.0% of portfolio to this trade (risk 1% max = Entry-Stop x Shares),Annually,51.3
MEHT,long_term,37.0,25,45,0,LIVE,yfinance(MEHT.KA),AVOID,ROE 6.4% (weak) | D/E 44 (low leverage) | P/E 6.1 (deep value),,BEARISH,PKR 220.00,WAIT -- price below SMA-200,N/A,N/A,N/A,N/A,N/A,N/A,0% -- avoid,N/A,
SEARL,very_long_term,36.2,45,34,0,LIVE,yfinance(SEARL.KA),AVOID,ROE 6.6% (weak) | D/E 1 (low leverage) | P/E 19.5 (slightly rich),,BEARISH,PKR 88.71,WAIT -- price below SMA-200,N/A,N/A,N/A,N/A,N/A,N/A,0% -- avoid,N/A,
HGFA,swing,36.0,45,15,0,PARTIAL (2/7 fields),yfinance(HGFA.KA),AVOID,ROE 5.4% (weak) | P/E 9.3 (value) | EPS growth 8.0% (positive),,Bearish,PKR 15.00,PKR 14.85 - 15.15,PKR 13.99 (-6.7%),PKR 15.84 (+5.6%),PKR 16.40 (+9.3%),+5.6%,+9.3%,1 : 1.39,Allocate 2.0% of portfolio to this trade (risk 1% max = Entry-Stop x Shares),Weekly,48.5
PSEL,very_long_term,35.0,55,30,0,LIVE,yfinance(PSEL.KA),AVOID,ROE 6.0% (weak) | D/E 3 (low leverage) | P/E 40.6 (expensive),,BEARISH,PKR 853.79,WAIT -- price below SMA-200,N/A,N/A,N/A,N/A,N/A,N/A,0% -- avoid,N/A,
KEL,long_term,33.0,60,15,0,LIVE,yfinance(KEL.KA),AVOID,ROE 3.2% (weak) | D/E 196 (high) | P/E 818.0 (expensive),"Top EU diplomat says Pakistan a major regional power, ‘important partner’ | Seven years on, Bajaur solar power  project still incomplete | 'No sufficient outcome' yet of talks to secure discounts from Chinese power producers: Leghari",Bullish,PKR 8.18,PKR 7.93 - 8.10,PKR 7.20 (-12.0%),PKR 9.82 (+20.0%),PKR 11.45 (+40.0%),+20.0%,+40.0%,1 : 3.34,Allocate 5.0% of portfolio to this trade (risk 1% max = Entry-Stop x Shares),Quarterly,50.6
MEHT,swing,31.0,25,45,0,LIVE,yfinance(MEHT.KA),AVOID,ROE 6.4% (weak) | D/E 44 (low leverage) | P/E 6.1 (deep value),,Bearish,PKR 220.00,PKR 217.80 - 222.20,PKR 197.64 (-10.2%),PKR 238.63 (+8.5%),PKR 251.05 (+14.1%),+8.5%,+14.1%,1 : 1.39,Allocate 2.0% of portfolio to this trade (risk 1% max = Entry-Stop x Shares),Weekly,35.0
HGFA,long_term,27.0,45,15,0,PARTIAL (2/7 fields),yfinance(HGFA.KA),AVOID,ROE 5.4% (weak) | P/E 9.3 (value) | EPS growth 8.0% (positive),,BEARISH,PKR 15.00,WAIT -- price below SMA-200,N/A,N/A,N/A,N/A,N/A,N/A,0% -- avoid,N/A,
TPLRF1,very_long_term,25.0,N/A,25,0,PARTIAL (3/7 fields),dps.psx.com.pk-spot,AVOID [FUND-ONLY],ROE -1.0% (weak) | P/E 1.0 (deep value) | EPS growth 78.3% (strong),,,,,,,,,,,,,
PTC,very_long_term,25.0,85,10,0,LIVE,yfinance(PTC.KA),AVOID,ROE -7.6% (weak) | D/E 216 (very high leverage) | P/E 282.9 (expensive),,Bullish,PKR 62.25,PKR 53.64 - 59.76,PKR 49.80 (-20.0%),PKR 80.92 (+30.0%),PKR 112.05 (+80.0%),+30.0%,+80.0%,1 : 4.0,Allocate 8.0% of portfolio to this trade (risk 1% max = Entry-Stop x Shares),Annually,66.4
TPLRF1,long_term,25.0,N/A,25,0,PARTIAL (3/7 fields),dps.psx.com.pk-spot,AVOID [FUND-ONLY],ROE -1.0% (weak) | P/E 1.0 (deep value) | EPS growth 78.3% (strong),,,,,,,,,,,,,
TPLRF1,swing,25.0,N/A,25,0,PARTIAL (3/7 fields),dps.psx.com.pk-spot,AVOID [FUND-ONLY],ROE -1.0% (weak) | P/E 1.0 (deep value) | EPS growth 78.3% (strong),,,,,,,,,,,,,
KEL,very_long_term,24.0,60,15,0,LIVE,yfinance(KEL.KA),AVOID,ROE 3.2% (weak) | D/E 196 (high) | P/E 818.0 (expensive),"Top EU diplomat says Pakistan a major regional power, ‘important partner’ | Seven years on, Bajaur solar power  project still incomplete | 'No sufficient outcome' yet of talks to secure discounts from Chinese power producers: Leghari",Bullish,PKR 8.18,PKR 7.53 - 7.85,PKR 6.54 (-20.0%),PKR 10.63 (+30.0%),PKR 14.72 (+80.0%),+30.0%,+80.0%,1 : 3.99,Allocate 8.0% of portfolio to this trade (risk 1% max = Entry-Stop x Shares),Annually,50.6
HGFA,very_long_term,21.0,45,15,0,PARTIAL (2/7 fields),yfinance(HGFA.KA),AVOID,ROE 5.4% (weak) | P/E 9.3 (value) | EPS growth 8.0% (positive),,BEARISH,PKR 15.00,WAIT -- price below SMA-200,N/A,N/A,N/A,N/A,N/A,N/A,0% -- avoid,N/A,
